delay,gain
0,1
2.16551,0.0878821
2.55138,0.066582
2.45282,0.0712621
2.6264,0.0633076
2.18166,0.0868108
2.18148,0.0868227
2.50763,0.068604
2.22533,0.0840041
2.18347,0.0866924
2.20286,0.0854322
2.70522,0.0601091
2.20384,0.0853692
2.78717,0.0570236
2.18389,0.0866642
2.25791,0.0819919
2.14186,0.0894848
2.3076,0.079051
2.58691,0.0650019
2.62336,0.0634353
2.61281,0.0638832
2.78414,0.0571336
2.40811,0.0735404
2.23471,0.0834176
2.01945,0.0984602
2.59844,0.0645002
2.39024,0.0744796
2.66115,0.0618682
2.70107,0.0602717
2.5916,0.0647969
2.85931,0.0544919
2.6156,0.0637643
2.5455,0.0668487
3.08957,0.0474139
3.2388,0.0435168
2.82193,0.0557832
2.04386,0.096574
2.63437,0.0629732
2.1758,0.0871973
2.71037,0.0599083
2.88958,0.0534779
2.88661,0.0535761
2.21735,0.0845073
2.84687,0.0549168
2.11768,0.0911652
2.26204,0.081742
2.44799,0.0715038
2.3812,0.0749612
2.0349,0.0972611
2.61164,0.0639332
2.76232,0.0579346
2.60018,0.0644253
2.72439,0.0593661
2.33168,0.0776792
2.02551,0.0979872
2.00073,0.0999418
2.04364,0.0965913
2.10912,0.0917701
2.65239,0.0622264
2.15265,0.0887487
2.59835,0.0645045
2.10859,0.0918082
2.01777,0.098592
2.06067,0.0953043
2.79278,0.0568205
4.8477,0.010204
2.85204,0.0273698
2.90414,0.0264999
2.9364,0.025981
3.90895,0.0153564
4.2846,0.0129147
2.93312,0.026033
4.5777,0.0113867
3.66349,0.0173356
5.01453,0.00956186
2.83065,0.027739
3.75483,0.0165577
2.83102,0.0277326
3.85223,0.0157831
4.21664,0.013312
4.15604,0.0136816
3.03629,0.0244641
2.95073,0.0257552
3.15891,0.0227713
2.95208,0.0257339
2.83436,0.0276744
2.94505,0.0258443
3.23693,0.0217814
4.11722,0.0139264
3.05855,0.0241435
3.21307,0.0220773
2.87279,0.0270185
2.90635,0.0264637
2.97368,0.0253993
3.41785,0.0197135
2.95185,0.0257376
2.9261,0.026145
3.09634,0.0236131
3.34922,0.0204628
2.84837,0.0274327
4.25191,0.0131036
2.92777,0.0261182
4.78068,0.01048
2.99339,0.0250995
3.14616,0.0229393
3.10683,0.0234689
4.05328,0.0143439
3.03147,0.0245344
4.6248,0.0111663
3.44777,0.0193992
2.90738,0.0264471
3.14844,0.0229092
4.20327,0.0133923
2.9077,0.0264418
2.84368,0.0275134
2.89037,0.0267259
2.85357,0.0273437
3.30966,0.0209138
4.15136,0.0137108
4.00834,0.0146484
4.2507,0.0131107
4.58363,0.0113586
3.11453,0.0233639
4.70081,0.0108236
3.19329,0.0223272
4.58104,0.0113709
4.10767,0.0139876
4.34079,0.0125992
3.1203,0.0232856
5.07402,0.00467365
4.89663,0.00500461
4.72353,0.00536211
5.31482,0.0042739
4.64923,0.00552722
4.76957,0.00526343
4.94833,0.00490466
5.00133,0.00480523
4.55441,0.00574907
5.04759,0.00472087
5.29815,0.00429991
4.66642,0.00548835
5.54501,0.00393736
4.63568,0.00555814
4.93591,0.00492839
4.58891,0.00566684
4.49717,0.0058894
5.22251,0.00442092
3.98457,0.00740661
5.30369,0.00429123
5.54572,0.00393639
4.6676,0.0054857
4.46991,0.00595804
6.27843,0.00309263
4.58536,0.00567524
4.95496,0.00489205
5.27956,0.00432919
5.4779,0.0040313
5.27816,0.00433141
3.52767,0.00929753
5.31172,0.00427871
5.04936,0.00471768
3.61342,0.0088925
3.47162,0.00957696
5.69863,0.0037342
6.56975,0.00283051
5.32173,0.00426318
4.87021,0.00505686
4.66211,0.00549806
3.63195,0.00880836
3.69061,0.0085496
4.82614,0.00514582
3.97108,0.00745401
5.07848,0.00466575
4.71068,0.00539013
4.7157,0.00537917
4.86203,0.00507319
6.4669,0.00291915
5.2111,0.00443962
5.50681,0.00399043
5.13798,0.00456224
5.42007,0.00411494
4.84731,0.0051028
6.35433,0.00302096
6.02269,0.00335366
6.5672,0.00283266
4.90891,0.00498061
4.03616,0.00722937
4.7692,0.0052642
3.97434,0.00744253
4.68767,0.00544087
6.25687,0.00311345
5.3814,0.00417231
3.75349,0.00828436
5.27107,0.00217133
5.85364,0.00177229
6.33007,0.0015218
6.00438,0.00168679
6.77189,0.0013338
5.92567,0.00173065
6.47172,0.00145745
5.04102,0.00236636
6.60951,0.00139866
5.06881,0.00234145
5.67819,0.00188016
6.8902,0.00128933
5.67874,0.00187981
6.75731,0.00133944
4.99907,0.00240471
6.49643,0.00144664
7.10236,0.00121492
5.94913,0.0017174
5.12742,0.00229018
5.76446,0.00182594
5.69944,0.00186658
6.70265,0.0013609
6.70278,0.00136085
8.48414,0.000856392
5.22931,0.00220492
5.18138,0.00224443
5.96352,0.00170935
6.1606,0.0016045
5.55796,0.00195981
5.32258,0.00213093
5.75487,0.00183185
6.38572,0.00149602
6.04312,0.00166581
6.27813,0.00154646
5.78167,0.0018154
7.06664,0.001227
6.17852,0.00159544
5.37932,0.00208771
5.45658,0.00203092
5.51843,0.00198709
5.55753,0.0019601
5.34454,0.00211405
5.59797,0.00193276
6.57279,0.00141398
6.33563,0.0015192
6.36096,0.00150741
5.59864,0.0019323
6.77873,0.00133117
6.21443,0.00157752
5.75837,0.00182969
6.10617,0.00163248
5.82498,0.00178927
5.33315,0.00212279
7.62324,0.00105728
8.04351,0.000951322
6.68242,0.00136897
6.68835,0.0013666
5.19694,0.00223149
6.37112,0.00150272
5.08197,0.00232979
6.49373,0.00144781
8.44861,0.000863511
6.48865,0.00145003
5.36981,0.00209487
6.66517,0.000687955
7.38255,0.000563042
7.33454,0.000570303
6.30126,0.000767703
7.41856,0.000557686
6.77967,0.000665404
7.54326,0.000539716
6.64418,0.000692212
9.24025,0.000361764
6.63088,0.00069493
7.90894,0.000491729
7.07682,0.000611768
8.3195,0.000445067
7.70337,0.000517882
6.68935,0.000683099
8.87335,0.000391917
7.28354,0.000578169
6.3845,0.00074829
6.50781,0.000720851
6.31624,0.000764153
8.33717,0.00044321
7.36018,0.000566408
7.71057,0.000516932
8.48759,0.000427853
6.38375,0.000748462
7.415,0.000558214
8.07008,0.000472582
6.27248,0.000774588
6.35852,0.000754269
6.96611,0.000630973
6.30984,0.000765668
6.98306,0.000627975
6.06089,0.000828157
6.5957,0.000702196
8.64861,0.000412277
8.66965,0.000410305
6.296,0.000768955
6.68787,0.000683395
6.12805,0.000810573
6.15032,0.000804863
6.08837,0.000820893
6.75577,0.000670019
6.03108,0.000836145
6.80411,0.000660733
7.06376,0.000613989
7.33305,0.000570531
7.49972,0.000545891
8.42898,0.00043374
6.72136,0.000676748
8.3166,0.000445374
7.91007,0.000491591
8.21878,0.000455882
7.19224,0.00059266
8.48168,0.000428441
10.0704,0.000305134
8.50649,0.00042598
7.29995,0.000575621
6.34134,0.000758263
6.78693,0.000664013
6.67138,0.000686703
8.6714,0.000410142
8.7102,0.000406544
8.38699,0.000438033
6.15886,0.000802691
8.58969,0.000208938
9.10182,0.00018636
10.1,0.000151683
7.71983,0.000257856
9.14935,0.000184452
8.87322,0.000195964
7.71044,0.000258474
8.96447,0.000192044
9.29027,0.000178962
8.79028,0.000199632
8.54805,0.000210951
9.25777,0.000180206
8.54425,0.000211137
9.20257,0.000182349
9.23882,0.000180937
10.0191,0.000154119
9.07916,0.00018728
7.64069,0.000263135
7.674,0.000260894
7.65922,0.000261885
8.59667,0.000208604
9.85145,0.000159356
8.93983,0.000193091
10.3225,0.000145275
7.54655,0.000269627
7.54287,0.000269886
8.25535,0.000225955
7.97459,0.000241895
7.59315,0.000266384
7.47828,0.000274486
7.66288,0.000261639
7.71638,0.000258083
8.8358,0.000197606
6.99416,0.000313012
8.79068,0.000199614
9.6824,0.00016491
7.75981,0.000255249
8.69538,0.000203956
7.78651,0.00025353
8.62431,0.000207286
8.54993,0.00021086
9.05721,0.000188178
8.28854,0.000224176
8.55366,0.000210679
8.24669,0.000226423
10.0675,0.000152655
7.55756,0.000268856
10.3485,0.000144554
7.82202,0.00025127
8.74616,0.000201625
7.92942,0.000244616
8.91901,0.000193982
7.71157,0.0002584
10.3578,0.000144296
12.1031,0.000105944
10.5156,0.000140037
8.67527,0.00020489
7.69104,0.000259758
8.71708,0.000202955
7.66114,0.000261756
10.8779,0.00013094
10.3927,0.000143339
10.4864,0.000140809
8.16449,0.000230938
11.1091,6.27954e-05
10.0342,7.68298e-05
10.2062,7.42875e-05
9.22656,9.07064e-05
9.48569,8.5872e-05
9.79577,8.05769e-05
10.0476,7.66281e-05
10.3659,7.20364e-05
11.196,6.18321e-05
11.5809,5.78203e-05
10.5423,6.96679e-05
9.31206,8.90674e-05
11.1111,6.27731e-05
9.4596,8.63412e-05
9.69435,8.22538e-05
11.1763,6.20485e-05
11.2211,6.15579e-05
9.5015,8.55897e-05
10.0091,7.72122e-05
9.3594,8.81788e-05
11.158,6.22507e-05
10.4858,7.04139e-05
11.1709,6.21084e-05
12.205,5.20967e-05
10.2098,7.42348e-05
9.37252,8.79348e-05
9.10013,9.32142e-05
8.90302,9.73353e-05
9.59738,8.39064e-05
8.30578,0.00011163
9.34365,8.8473e-05
9.70474,8.20796e-05
9.36187,8.81328e-05
9.3658,8.80597e-05
9.32181,8.88832e-05
10.6169,6.86998e-05
9.16366,9.19414e-05
10.9451,6.46753e-05
9.22692,9.06996e-05
8.78848,9.98563e-05
9.13451,9.2522e-05
9.41401,8.71702e-05
9.25873,9.00846e-05
10.6714,6.80067e-05
9.18484,9.15227e-05
10.2218,7.40619e-05
9.35643,8.82342e-05
12.3838,5.06124e-05
9.24595,9.03308e-05
11.1855,6.19473e-05
9.32617,8.88011e-05
9.36798,8.80192e-05
9.1959,9.13054e-05
12.3085,5.12297e-05
14.1409,3.88752e-05
12.6573,4.84628e-05
10.7622,6.68742e-05
10.4424,7.09938e-05
10.8722,6.5538e-05
9.83182,7.9993e-05
11.124,6.2629e-05
12.2853,5.14224e-05
12.7708,4.76101e-05
9.22825,9.06737e-05
11.8542,2.76019e-05
12.5802,2.45272e-05
12.3894,2.52837e-05
10.2596,3.67618e-05
10.9794,3.21378e-05
11.0069,3.19786e-05
10.2338,3.69453e-05
11.5511,2.90584e-05
11.2467,3.064e-05
11.6801,2.84249e-05
11.4465,2.95877e-05
10.9759,3.21579e-05
11.428,2.9683e-05
10.9975,3.20329e-05
11.3841,2.99104e-05
11.3503,3.00877e-05
11.6756,2.84463e-05
10.2172,3.70642e-05
10.7653,3.34179e-05
10.2573,3.67777e-05
11.5253,2.91874e-05
11.9256,2.72747e-05
12.1842,2.61365e-05
14.1513,1.94091e-05
10.5601,3.47176e-05
11.5633,2.89975e-05
10.5032,3.50913e-05
10.4558,3.54072e-05
10.2664,3.6713e-05
10.8521,3.28899e-05
10.2621,3.67438e-05
10.2097,3.71182e-05
9.38635,4.38394e-05
9.86218,3.97532e-05
11.4257,2.96947e-05
12.4501,2.50391e-05
10.2685,3.66985e-05
11.2115,3.08313e-05
10.7275,3.36515e-05
9.5543,4.23283e-05
9.54078,4.2447e-05
11.1084,3.14018e-05
9.98843,3.87645e-05
12.4859,2.48968e-05
11.2335,3.07115e-05
12.3636,2.53885e-05
11.1781,3.10145e-05
14.5349,1.84028e-05
10.2554,3.67912e-05
11.4322,2.96612e-05
10.319,3.63435e-05
10.8948,3.26346e-05
11.8565,2.75911e-05
14.348,1.88831e-05
16.1834,1.48582e-05
12.6625,2.42115e-05
11.9486,2.71704e-05
10.4441,3.54856e-05
11.0712,3.16113e-05
10.6356,3.42303e-05
11.4659,2.94884e-05
14.2327,1.91888e-05
14.431,1.86675e-05
9.78097,4.04092e-05
12.9479,1.1581e-05
12.8146,1.18217e-05
13.5552,1.05721e-05
12.7665,1.19105e-05
13.0874,1.13369e-05
13.1213,1.12788e-05
12.4392,1.25414e-05
11.6779,1.42176e-05
13.4394,1.07541e-05
11.7501,1.40447e-05
13.2028,1.11408e-05
13.3204,1.09459e-05
13.9196,1.00287e-05
13.1343,1.12566e-05
11.5929,1.44254e-05
13.0807,1.13485e-05
13.7538,1.02706e-05
13.1098,1.12984e-05
10.7983,1.66078e-05
13.0901,1.13323e-05
14.0059,9.90596e-06
12.2347,1.29613e-05
13.4098,1.08014e-05
16.1751,7.43668e-06
11.2444,1.53264e-05
12.1956,1.3044e-05
11.9667,1.35444e-05
11.9476,1.35873e-05
13.2003,1.11449e-05
11.5117,1.46282e-05
13.0649,1.13757e-05
12.7346,1.19699e-05
12.2614,1.29053e-05
10.608,1.72037e-05
11.6008,1.44057e-05
14.4122,9.35807e-06
12.5926,1.22397e-05
13.3306,1.09293e-05
11.6032,1.43998e-05
11.1169,1.56771e-05
11.1157,1.56804e-05
13.5947,1.0511e-05
11.1685,1.55335e-05
13.0199,1.14541e-05
12.8351,1.17843e-05
13.6156,1.0479e-05
11.9712,1.35344e-05
16.7753,6.9159e-06
12.5391,1.23436e-05
11.7555,1.40319e-05
12.5071,1.24065e-05
11.7459,1.40548e-05
12.2109,1.30117e-05
16.4734,7.17078e-06
18.2301,5.85932e-06
14.6674,9.03667e-06
12.8869,1.16903e-05
10.8073,1.65803e-05
12.9283,1.1616e-05
10.8244,1.65285e-05
12.9562,1.15664e-05
16.2453,7.37279e-06
15.0505,8.58452e-06
10.8521,1.64449e-05
13.3948,5.41271e-06
15.2798,4.16496e-06
14.3243,4.73632e-06
13.1975,5.5748e-06
14.6815,4.5097e-06
15.8013,3.89563e-06
13.1151,5.64468e-06
13.3238,5.47024e-06
14.0842,4.89835e-06
13.2639,5.51942e-06
14.3794,4.70025e-06
14.0507,4.92162e-06
14.3297,4.7328e-06
14.4386,4.66202e-06
13.5312,5.3047e-06
15.3453,4.1296e-06
15.0338,4.30176e-06
13.1957,5.57633e-06
12.9049,5.82897e-06
13.2624,5.52073e-06
14.4828,4.63373e-06
14.1404,4.85969e-06
15.639,3.9766e-06
18.2755,2.91516e-06
13.0032,5.74168e-06
12.9391,5.79835e-06
13.0453,5.70488e-06
13.2788,5.50711e-06
13.3932,5.41397e-06
11.7085,7.07204e-06
13.2699,5.5145e-06
13.0293,5.7188e-06
12.3104,6.40173e-06
12.5203,6.19028e-06
14.0772,4.90322e-06
16.5296,3.56114e-06
13.1637,5.60329e-06
13.5814,5.26578e-06
12.7534,5.96738e-06
12.9747,5.7668e-06
12.5906,6.12174e-06
13.9622,4.9839e-06
12.2038,6.51332e-06
15.0239,4.30741e-06
13.7257,5.15626e-06
14.177,4.83479e-06
14.5193,4.61054e-06
18.3973,2.87681e-06
12.9995,5.74492e-06
13.7675,5.12515e-06
12.9562,5.78313e-06
13.3986,5.40968e-06
14.2387,4.79315e-06
18.667,2.79451e-06
20.2806,2.36856e-06
16.8032,3.44653e-06
14.7487,4.46892e-06
13.1701,5.59793e-06
15.307,4.15019e-06
12.7239,5.99497e-06
14.8422,4.41305e-06
18.324,2.8998e-06
15.2158,4.19988e-06
13.1144,5.6453e-06
15.1313,2.12338e-06
15.6952,1.97414e-06
14.8998,2.18955e-06
15.1015,2.13171e-06
15.4675,2.03244e-06
15.9541,1.91084e-06
14.8198,2.21317e-06
15.7313,1.96513e-06
15.428,2.04281e-06
15.3801,2.0555e-06
15.8941,1.92523e-06
15.529,2.01644e-06
16.7441,1.73539e-06
15.4258,2.04339e-06
15.2096,2.10167e-06
15.7275,1.96607e-06
16.1291,1.86975e-06
15.1333,2.12281e-06
13.9222,2.50623e-06
14.2513,2.39236e-06
15.7914,1.95026e-06
14.6863,2.2534e-06
16.658,1.75333e-06
20.4378,1.16617e-06
13.5158,2.65837e-06
14.425,2.33538e-06
15.0937,2.13391e-06
15.4167,2.04581e-06
13.8057,2.54846e-06
14.1437,2.42873e-06
14.2055,2.40774e-06
15.1381,2.12148e-06
13.2822,2.75215e-06
13.156,2.80492e-06
14.3078,2.3736e-06
18.7782,1.3808e-06
15.7953,1.94929e-06
15.3714,2.05782e-06
13.4392,2.68861e-06
13.6188,2.61854e-06
14.3064,2.37405e-06
15.123,2.12568e-06
13.8613,2.52818e-06
16.4853,1.79013e-06
16.0378,1.89102e-06
14.8756,2.19666e-06
15.0253,2.1533e-06
18.8927,1.36417e-06
15.8144,1.94462e-06
14.4664,2.32209e-06
15.6431,1.98726e-06
14.5311,2.30154e-06
14.2468,2.39387e-06
20.9084,1.11439e-06
22.3344,9.76901e-07
17.1822,1.64833e-06
17.0053,1.68269e-06
13.6178,2.61889e-06
16.5056,1.78573e-06
14.2828,2.38189e-06
17.0932,1.66549e-06
20.4595,1.16371e-06
16.8498,1.71376e-06
13.9395,2.50005e-06
17.4285,8.01115e-07
17.657,7.80573e-07
17.1626,8.26043e-07
16.0092,9.48879e-07
17.5162,7.93134e-07
16.1274,9.35067e-07
16.6607,8.76379e-07
16.375,9.07111e-07
17.49,7.95502e-07
18.148,7.39034e-07
17.3504,8.08316e-07
17.8786,7.61409e-07
17.2484,8.17876e-07
17.4932,7.95217e-07
16.0108,9.48689e-07
17.234,8.19237e-07
18.5073,7.10702e-07
15.6708,9.90127e-07
15.8075,9.73151e-07
15.7789,9.76665e-07
16.8187,8.60048e-07
16.9304,8.48777e-07
17.8797,7.6131e-07
22.6436,4.75229e-07
15.3132,1.03672e-06
15.4405,1.01976e-06
15.7929,9.74947e-07
16.1867,9.28259e-07
15.4998,1.01201e-06
14.6083,1.1387e-06
15.7968,9.74462e-07
16.3495,9.09932e-07
15.3282,1.03469e-06
14.3648,1.17745e-06
16.7996,8.61995e-07
18.8105,6.88041e-07
16.1522,9.32208e-07
17.247,8.18006e-07
16.0407,9.45163e-07
14.2554,1.1955e-06
14.3844,1.17425e-06
15.8082,9.73059e-07
15.6788,9.8912e-07
17.2439,8.183e-07
16.7033,8.71932e-07
17.2614,8.1664e-07
15.4425,1.0195e-06
18.9832,6.75612e-07
16.0175,9.47901e-07
16.3549,9.09336e-07
15.8225,9.71305e-07
15.9975,9.50255e-07
16.6084,8.81882e-07
21.0497,5.49757e-07
24.3912,4.09679e-07
18.6927,6.96716e-07
19.5525,6.36942e-07
15.9701,9.53506e-07
17.4391,8.00139e-07
15.6883,9.87926e-07
17.7244,7.74668e-07
22.6379,4.75467e-07
18.7541,6.92172e-07
14.4159,1.16915e-06
18.8341,3.43162e-07
18.7488,3.46282e-07
17.4607,3.99082e-07
16.2286,4.61743e-07
20.1352,3.00351e-07
17.588,3.93346e-07
17.603,3.9268e-07
18.1171,3.70778e-07
19.1108,3.33324e-07
18.3143,3.62857e-07
18.6173,3.51176e-07
18.7151,3.47527e-07
19.5836,3.17464e-07
20.148,2.9997e-07
17.9127,3.79261e-07
19.2612,3.28152e-07
19.1028,3.336e-07
16.3669,4.54006e-07
15.8374,4.84748e-07
16.234,4.61441e-07
17.3555,4.03923e-07
17.5431,3.95358e-07
20.1071,3.01189e-07
22.6533,2.37412e-07
17.0736,4.17322e-07
16.6269,4.39964e-07
18.469,3.56821e-07
16.3274,4.56192e-07
16.3337,4.55841e-07
15.523,5.04499e-07
16.2239,4.62011e-07
17.8958,3.79974e-07
15.3794,5.13922e-07
15.7558,4.89763e-07
17.0903,4.16512e-07
20.6476,2.85662e-07
16.2407,4.61062e-07
17.6656,3.89909e-07
16.2611,4.5991e-07
16.1582,4.65764e-07
15.8442,4.84333e-07
17.6303,3.91467e-07
16.0848,4.70005e-07
19.3616,3.24766e-07
17.8217,3.83131e-07
17.4553,3.99331e-07
16.6802,4.37169e-07
20.7756,2.82163e-07
17.8904,3.80204e-07
17.2268,4.09958e-07
18.1581,3.69107e-07
17.4527,3.99449e-07
16.6782,4.37276e-07
22.2797,2.45423e-07
26.4506,1.74228e-07
20.5087,2.89537e-07
19.6873,3.14136e-07
16.1385,4.66895e-07
17.732,3.87003e-07
15.7387,4.90821e-07
19.1062,3.33484e-07
24.0266,2.11094e-07
20.85,2.80157e-07
16.6939,4.36454e-07
19.8969,1.53785e-07
20.1815,1.49489e-07
19.684,1.5712e-07
18.2015,1.83678e-07
20.5302,1.44465e-07
19.6032,1.58415e-07
19.7919,1.55417e-07
18.348,1.80764e-07
19.829,1.54837e-07
18.4414,1.78943e-07
20.3591,1.46898e-07
19.6358,1.5789e-07
20.1826,1.49472e-07
20.3033,1.47705e-07
18.2887,1.81936e-07
21.6568,1.29858e-07
20.6516,1.42777e-07
17.8754,1.90419e-07
17.6369,1.95587e-07
18.0185,1.87416e-07
19.4603,1.60745e-07
19.1039,1.66781e-07
21.1317,1.36377e-07
24.4921,1.01579e-07
18.3332,1.81056e-07
19.2644,1.64022e-07
18.7084,1.73887e-07
18.4835,1.78131e-07
17.843,1.91111e-07
16.8234,2.14893e-07
18.0401,1.86968e-07
18.2872,1.81966e-07
18.6476,1.75021e-07
16.4859,2.23748e-07
19.6097,1.58311e-07
22.6306,1.18944e-07
18.3314,1.81092e-07
19.6192,1.58157e-07
18.998,1.6864e-07
17.096,2.08117e-07
16.9357,2.12061e-07
20.2228,1.48881e-07
16.8919,2.13158e-07
19.8744,1.54133e-07
18.4142,1.79471e-07
19.6141,1.5824e-07
19.1867,1.65349e-07
22.6374,1.18872e-07
18.4254,1.79253e-07
19.0011,1.68586e-07
18.9954,1.68687e-07
18.7272,1.73538e-07
18.4888,1.7803e-07
22.844,1.16736e-07
27.4598,8.08367e-08
22.462,1.20732e-07
20.0858,1.50913e-07
17.1317,2.07253e-07
19.3989,1.61761e-07
18.2587,1.82532e-07
21.0407,1.37556e-07
24.7618,9.93821e-08
23.0194,1.14967e-07
16.7609,2.16493e-07
20.4021,7.31406e-08
22.051,6.26326e-08
20.3428,7.35666e-08
19.0356,8.39881e-08
20.5462,7.21207e-08
21.7891,6.41441e-08
20.4593,7.2733e-08
20.0384,7.58132e-08
21.7504,6.43723e-08
19.899,7.6876e-08
21.3708,6.66741e-08
20.2312,7.43784e-08
21.1568,6.8027e-08
20.9771,6.91951e-08
20.5018,7.24328e-08
21.7445,6.44068e-08
23.3163,5.60314e-08
19.4613,8.03641e-08
18.2587,9.12659e-08
19.2543,8.20963e-08
20.0984,7.53618e-08
21.1961,6.77754e-08
22.3497,6.0973e-08
26.3826,4.37816e-08
18.4071,8.98044e-08
19.7834,7.77753e-08
21.545,6.56028e-08
18.8706,8.54597e-08
19.7661,7.79105e-08
18.162,9.22373e-08
19.2336,8.22728e-08
19.8911,7.69373e-08
18.7329,8.67171e-08
18.283,9.10245e-08
19.9648,7.63715e-08
24.7635,4.96844e-08
18.9656,8.46083e-08
22.15,6.20754e-08
19.2036,8.2529e-08
18.2938,9.09175e-08
19.5622,7.95389e-08
20.6117,7.16642e-08
18.6062,8.7899e-08
21.3096,6.70571e-08
20.2805,7.4018e-08
20.3856,7.3259e-08
19.3815,8.10254e-08
24.5991,5.03493e-08
19.1264,8.31953e-08
20.0615,7.56391e-08
20.9053,6.967e-08
20.5367,7.2187e-08
21.0436,6.87589e-08
24.6893,4.99826e-08
28.4765,3.75873e-08
24.5876,5.03966e-08
21.3987,6.6501e-08
18.2895,9.09601e-08
21.5368,6.56525e-08
18.2905,9.09505e-08
23.3794,5.573e-08
26.6717,4.28389e-08
23.1048,5.70602e-08
19.614,7.91204e-08
21.777,3.21077e-08
22.8631,2.91354e-08
21.9225,3.16838e-08
20.7284,3.54305e-08
22.0174,3.14118e-08
22.119,3.11245e-08
20.5495,3.60487e-08
22.5203,3.00273e-08
24.3257,2.57428e-08
21.9726,3.15398e-08
23.4015,2.78124e-08
22.0145,3.14202e-08
22.3814,3.04004e-08
22.0863,3.12164e-08
20.8498,3.50202e-08
23.5415,2.74832e-08
23.392,2.7835e-08
20.5006,3.62204e-08
21.1745,3.39568e-08
20.6999,3.55281e-08
22.1189,3.11247e-08
21.7176,3.22833e-08
24.5752,2.52236e-08
28.3359,1.89804e-08
20.7772,3.52648e-08
21.0899,3.4229e-08
21.7803,3.20981e-08
21.662,3.24489e-08
20.7134,3.54819e-08
19.9893,3.80926e-08
20.724,3.54457e-08
20.4556,3.63796e-08
18.7987,4.30563e-08
19.0727,4.18317e-08
22.5095,3.00561e-08
26.9368,2.10005e-08
20.7809,3.52524e-08
22.1658,3.09935e-08
19.4832,4.00919e-08
19.7662,3.8955e-08
19.5876,3.96666e-08
22.5164,3.00378e-08
19.6084,3.95827e-08
23.2945,2.80682e-08
22.329,3.05431e-08
21.8798,3.18072e-08
21.3346,3.34501e-08
26.6786,2.14084e-08
20.6902,3.55612e-08
21.7264,3.2257e-08
20.9665,3.46323e-08
21.5857,3.26782e-08
21.3074,3.35354e-08
26.5942,2.15443e-08
30.439,1.64509e-08
26.8533,2.11311e-08
23.2516,2.81715e-08
20.8808,3.49164e-08
23.5411,2.74842e-08
20.85,3.50196e-08
24.4945,2.53899e-08
28.6283,1.85952e-08
24.8531,2.46635e-08
20.1484,3.74949e-08
23.8341,1.34069e-08
25.5587,1.16613e-08
23.7587,1.3492e-08
22.4389,1.51226e-08
24.0638,1.31527e-08
24.1844,1.3022e-08
22.5056,1.50332e-08
22.6485,1.48445e-08
24.4675,1.27229e-08
24.716,1.24687e-08
24.1509,1.30581e-08
24.4808,1.27091e-08
23.0308,1.43567e-08
24.1871,1.30191e-08
22.6047,1.4902e-08
25.8327,1.14156e-08
25.2616,1.19368e-08
23.2704,1.40631e-08
21.6684,1.62149e-08
22.9917,1.44054e-08
22.8611,1.45702e-08
24.036,1.3183e-08
25.6055,1.16188e-08
30.3637,8.26627e-09
20.8854,1.74506e-08
21.6543,1.62359e-08
21.9656,1.578e-08
21.6851,1.61899e-08
22.2208,1.54203e-08
20.0071,1.90125e-08
22.9566,1.44495e-08
22.9616,1.44432e-08
21.4646,1.65235e-08
19.8603,1.92939e-08
22.9316,1.4481e-08
27.0112,1.04426e-08
22.1743,1.54848e-08
23.7187,1.35374e-08
21.4296,1.65774e-08
20.1011,1.88355e-08
20.1282,1.8785e-08
22.5393,1.49884e-08
22.1983,1.54515e-08
25.6941,1.15389e-08
22.8041,1.4643e-08
23.8991,1.33342e-08
23.5827,1.36938e-08
28.8645,9.14619e-09
22.0678,1.56343e-08
22.991,1.44063e-08
22.2143,1.54293e-08
23.7492,1.35028e-08
22.4748,1.50743e-08
28.5762,9.33148e-09
32.4055,7.25839e-09
27.6771,9.9468e-09
25.4773,1.17359e-08
21.3538,1.66951e-08
24.017,1.32038e-08
21.2954,1.67865e-08
25.6244,1.16017e-08
30.6378,8.1192e-09
26.7663,1.06343e-08
20.2107,1.86323e-08
26.0477,5.61414e-09
25.6592,5.78517e-09
24.4907,6.34944e-09
23.6659,6.79891e-09
25.5273,5.84498e-09
24.9687,6.10904e-09
23.4317,6.93525e-09
24.7032,6.24084e-09
26.279,5.51587e-09
24.9506,6.1179e-09
26.4717,5.43597e-09
24.6615,6.26194e-09
25.0596,6.06484e-09
25.1833,6.00552e-09
24.548,6.31986e-09
27.291,5.11492e-09
27.1998,5.14921e-09
23.5147,6.88646e-09
21.6916,8.09009e-09
23.5805,6.84817e-09
24.8003,6.19214e-09
24.7354,6.22464e-09
26.8197,5.296e-09
32.4643,3.61606e-09
23.3145,7.005e-09
23.9607,6.63296e-09
23.9686,6.62855e-09
24.3572,6.41912e-09
23.6137,6.82895e-09
22.117,7.78255e-09
23.4828,6.90517e-09
23.1779,7.08765e-09
21.5513,8.19558e-09
22.324,7.63916e-09
25.4851,5.86434e-09
29.0482,4.51552e-09
23.6278,6.82082e-09
24.2502,6.47579e-09
22.2974,7.65736e-09
23.2544,7.04121e-09
22.6495,7.42156e-09
24.4728,6.35869e-09
22.2583,7.68424e-09
26.8994,5.26473e-09
24.9196,6.13307e-09
24.4864,6.35163e-09
24.2055,6.49969e-09
29.2507,4.45327e-09
23.2344,7.05331e-09
24.539,6.32448e-09
23.3034,7.01166e-09
24.5357,6.3262e-09
23.4534,6.92246e-09
30.6433,4.05815e-09
34.3761,3.22537e-09
28.9556,4.5444e-09
26.3635,5.48061e-09
21.8212,7.99453e-09
26.1018,5.5909e-09
21.8707,7.95844e-09
27.6552,4.98126e-09
32.2984,3.65328e-09
28.9131,4.55777e-09
21.9996,7.86561e-09
26.3529,2.74251e-09
28.0444,2.42206e-09
27.0267,2.60765e-09
24.1868,3.25485e-09
26.3439,2.74439e-09
26.4659,2.71917e-09
24.8357,3.08727e-09
25.0671,3.03061e-09
28.7069,2.31169e-09
25.1446,3.012e-09
26.9526,2.62199e-09
26.4319,2.72616e-09
25.798,2.86159e-09
26.3099,2.75147e-09
25.1035,3.02186e-09
28.1887,2.39736e-09
27.8097,2.46307e-09
24.1407,3.26729e-09
23.3439,3.4937e-09
23.725,3.38257e-09
25.6502,2.89461e-09
26.3561,2.74185e-09
29.0434,2.2585e-09
34.6243,1.58967e-09
24.1962,3.25233e-09
24.1049,3.27697e-09
24.5636,3.15591e-09
24.8256,3.08976e-09
23.6307,3.40957e-09
22.7372,3.68228e-09
23.7229,3.38317e-09
25.2655,2.98328e-09
23.1768,3.54419e-09
22.4574,3.77443e-09
25.9741,2.82296e-09
30.3159,2.07308e-09
24.9792,3.05195e-09
26.0374,2.80928e-09
24.1966,3.25221e-09
23.3608,3.48868e-09
22.9897,3.60198e-09
25.9362,2.83121e-09
22.7581,3.67553e-09
27.878,2.45103e-09
27.4477,2.52838e-09
26.9211,2.62812e-09
24.2547,3.23668e-09
30.7903,2.00976e-09
25.5038,2.92788e-09
26.0151,2.81408e-09
25.3493,2.96363e-09
25.931,2.83236e-09
25.1955,2.99986e-09
32.7878,1.77256e-09
36.3512,1.44233e-09
30.892,1.99657e-09
27.6142,2.49802e-09
23.8216,3.35523e-09
26.4596,2.72046e-09
23.1326,3.55771e-09
29.2188,2.2315e-09
32.6895,1.78323e-09
31.2501,1.95112e-09
23.1471,3.55325e-09
28.3171,1.18785e-09
28.5791,1.16619e-09
27.3341,1.2747e-09
25.9203,1.41734e-09
28.3123,1.18825e-09
27.4697,1.26217e-09
26.973,1.30902e-09
26.7845,1.32748e-09
29.6111,1.08642e-09
26.536,1.35242e-09
29.5633,1.08992e-09
28.9164,1.13918e-09
27.7469,1.23711e-09
28.3222,1.18743e-09
26.5086,1.35521e-09
30.2382,1.04187e-09
29.9604,1.06126e-09
25.9525,1.41383e-09
24.8156,1.54612e-09
26.2543,1.38156e-09
27.5109,1.2584e-09
28.6203,1.16284e-09
30.0793,1.05289e-09
36.8268,7.02672e-10
24.9948,1.52408e-09
26.1659,1.3909e-09
26.3647,1.37003e-09
25.5916,1.45393e-09
25.7637,1.43459e-09
23.6985,1.69506e-09
26.2986,1.37692e-09
26.3491,1.37165e-09
24.6485,1.56713e-09
23.2839,1.75586e-09
26.1387,1.39379e-09
31.0767,9.86462e-10
25.7444,1.43675e-09
28.4482,1.17694e-09
25.8717,1.42267e-09
23.5827,1.71172e-09
24.2725,1.61597e-09
26.7559,1.33031e-09
25.2273,1.49616e-09
28.0826,1.20775e-09
27.4689,1.26224e-09
27.3739,1.27101e-09
26.1961,1.38769e-09
32.6275,8.95001e-10
26.1021,1.3977e-09
27.4277,1.26603e-09
25.9154,1.41788e-09
26.9362,1.31259e-09
25.7713,1.43375e-09
33.5688,8.45557e-10
38.3311,6.48637e-10
32.9665,8.76706e-10
29.6204,1.08574e-09
24.2471,1.61936e-09
28.2086,1.19699e-09
25.7124,1.44031e-09
29.9414,1.06261e-09
34.7138,7.90743e-10
31.4318,9.64322e-10
25.0958,1.51185e-09
28.4945,5.86562e-10
30.4589,5.13421e-10
29.2358,5.57227e-10
26.3283,6.86908e-10
30.908,4.98625e-10
28.5155,5.85697e-10
27.5766,6.26207e-10
28.6171,5.81552e-10
30.8255,5.01295e-10
28.5677,5.83561e-10
29.7714,5.37379e-10
29.9658,5.3044e-10
28.5754,5.83248e-10
30.9691,4.96662e-10
27.2473,6.41416e-10
31.3429,4.84898e-10
31.074,4.93317e-10
26.4108,6.8263e-10
26.1677,6.95351e-10
26.3063,6.88056e-10
28.4728,5.87453e-10
29.095,5.62629e-10
31.2897,4.86545e-10
36.8435,3.51018e-10
25.9306,7.08109e-10
27.9604,6.09156e-10
27.4203,6.33357e-10
26.9945,6.53469e-10
26.4689,6.79638e-10
25.5819,7.27514e-10
26.3021,6.88275e-10
27.9368,6.10184e-10
24.7288,7.78491e-10
25.5607,7.28721e-10
28.2152,5.98216e-10
32.8529,4.41388e-10
26.3892,6.83745e-10
30.2884,5.19211e-10
25.9222,7.08566e-10
25.7594,7.17538e-10
25.9916,7.04795e-10
28.8624,5.71722e-10
25.5083,7.3171e-10
29.7389,5.38555e-10
27.6735,6.21833e-10
29.169,5.59778e-10
27.188,6.44213e-10
34.5765,3.98515e-10
29.0843,5.63042e-10
29.113,5.61931e-10
28.6884,5.7867e-10
27.3699,6.35686e-10
27.8876,6.12337e-10
34.7937,3.93559e-10
40.316,2.9319e-10
35.1705,3.85179e-10
31.9867,4.65593e-10
26.3371,6.86448e-10
29.8477,5.3464e-10
26.1346,6.97112e-10
31.4003,4.83129e-10
36.7899,3.5204e-10
33.1463,4.33615e-10
25.2506,7.46697e-10
30.3473,2.58599e-10
31.6895,2.37179e-10
30.6362,2.5375e-10
28.8918,2.8528e-10
31.2392,2.4406e-10
30.46,2.56693e-10
30.2734,2.59863e-10
29.1462,2.80327e-10
30.9766,2.4821e-10
31.285,2.43347e-10
32.5457,2.24876e-10
30.4783,2.56384e-10
30.4455,2.56937e-10
30.97,2.48317e-10
29.3265,2.76896e-10
32.5897,2.24269e-10
32.2861,2.28504e-10
28.1859,2.9973e-10
26.9622,3.27517e-10
28.5838,2.91452e-10
30.2569,2.60146e-10
31.5079,2.39919e-10
33.5116,2.12111e-10
38.6879,1.59184e-10
27.516,3.14482e-10
28.9715,2.83715e-10
28.9372,2.84386e-10
27.7366,3.09505e-10
28.3056,2.97204e-10
25.9464,3.53622e-10
28.6367,2.90378e-10
30.0317,2.64058e-10
27.7848,3.08435e-10
26.0654,3.50406e-10
28.6917,2.89268e-10
34.7429,1.97355e-10
28.9572,2.83994e-10
30.4888,2.56208e-10
26.9532,3.27734e-10
26.297,3.4427e-10
26.0729,3.50205e-10
30.9521,2.48602e-10
28.0118,3.03463e-10
31.7185,2.36747e-10
29.4031,2.75456e-10
30.8005,2.51053e-10
28.4536,2.94123e-10
36.6649,1.77222e-10
29.1847,2.79588e-10
30.3715,2.58188e-10
28.7592,2.87913e-10
29.8473,2.67326e-10
29.5555,2.72626e-10
36.622,1.77637e-10
42.306,1.33136e-10
35.1853,1.92427e-10
32.5302,2.2509e-10
28.0227,3.03226e-10
30.4078,2.57573e-10
26.7167,3.33554e-10
32.0656,2.31654e-10
38.9121,1.57356e-10
35.1091,1.93263e-10
26.5961,3.36581e-10
32.7522,1.11026e-10
33.0197,1.09236e-10
31.7841,1.17885e-10
29.095,1.40657e-10
33.0777,1.08854e-10
33.0481,1.09049e-10
30.6688,1.26607e-10
31.3137,1.2145e-10
32.9561,1.09658e-10
31.589,1.19345e-10
32.6064,1.1202e-10
31.2022,1.22319e-10
31.3658,1.21048e-10
32.9568,1.09653e-10
31.2967,1.21582e-10
33.1977,1.08069e-10
34.7304,9.87488e-11
29.4961,1.36862e-10
28.8719,1.42836e-10
29.3459,1.38265e-10
31.3355,1.21281e-10
32.3166,1.14036e-10
34.5531,9.97634e-11
40.5885,7.23171e-11
28.4044,1.47571e-10
29.1269,1.40349e-10
30.5533,1.27564e-10
29.3943,1.3781e-10
30.0906,1.31513e-10
28.0735,1.51066e-10
29.3329,1.38387e-10
30.1116,1.3133e-10
27.9127,1.52809e-10
26.7554,1.66296e-10
30.8665,1.24991e-10
36.799,8.79668e-11
29.0451,1.4114e-10
30.9509,1.24311e-10
28.9039,1.42521e-10
28.3749,1.47878e-10
28.779,1.43759e-10
31.5244,1.19834e-10
28.6596,1.44957e-10
34.1282,1.02261e-10
31.905,1.16995e-10
31.7728,1.1797e-10
31.1461,1.22759e-10
38.8746,7.88299e-11
29.2481,1.3919e-10
30.9155,1.24596e-10
31.1821,1.22477e-10
30.0317,1.32029e-10
30.5748,1.27385e-10
38.5171,8.02989e-11
44.3013,6.07094e-11
37.243,8.58832e-11
34.1801,1.01951e-10
28.0261,1.51577e-10
32.2393,1.14583e-10
28.5003,1.46581e-10
33.8175,1.04147e-10
39.1876,7.75765e-11
37.287,8.56806e-11
27.5971,1.56319e-10
32.9817,5.47438e-11
35.0368,4.85153e-11
34.5681,4.98386e-11
31.4245,6.02983e-11
33.1173,5.42967e-11
33.5179,5.30079e-11
31.7751,5.89761e-11
31.8527,5.86894e-11
34.7167,4.94131e-11
31.8615,5.86572e-11
35.1504,4.82024e-11
33.1123,5.43132e-11
33.158,5.41636e-11
34.0623,5.13283e-11
32.0277,5.80505e-11
34.5347,4.99351e-11
35.2023,4.80604e-11
30.8613,6.25166e-11
28.9806,7.08842e-11
31.3305,6.06601e-11
33.0422,5.45436e-11
33.058,5.44915e-11
35.7598,4.65748e-11
42.5497,3.29038e-11
31.4609,6.01589e-11
31.113,6.15102e-11
31.7282,5.91503e-11
30.6395,6.34242e-11
30.9116,6.23137e-11
28.4873,7.33572e-11
31.385,6.045e-11
30.7328,6.30398e-11
28.2743,7.44652e-11
28.6301,7.26282e-11
31.4072,6.03644e-11
39.016,3.91299e-11
31.5505,5.9818e-11
32.625,5.59463e-11
29.6211,6.78553e-11
28.8214,7.16685e-11
29.3544,6.90925e-11
31.7894,5.89233e-11
28.7252,7.21486e-11
34.9966,4.86266e-11
31.9417,5.83631e-11
34.5032,5.00262e-11
31.5306,5.98935e-11
40.6369,3.60725e-11
31.3084,6.07455e-11
32.123,5.77069e-11
31.8913,5.85474e-11
32.715,5.56392e-11
31.0313,6.18341e-11
40.5055,3.63067e-11
46.302,2.77894e-11
38.554,4.00727e-11
34.2888,5.06531e-11
29.0402,7.05937e-11
34.6163,4.97001e-11
29.17,6.99676e-11
35.9093,4.61879e-11
40.8193,3.57511e-11
39.6306,3.79264e-11
30.371,6.45491e-11
34.8884,2.44642e-11
35.7235,2.33346e-11
34.608,2.4862e-11
32.3474,2.84548e-11
35.0994,2.41712e-11
34.891,2.44606e-11
32.6955,2.78527e-11
33.5571,2.64421e-11
35.2495,2.3966e-11
33.1748,2.70545e-11
35.4664,2.36739e-11
35.0441,2.42474e-11
34.1721,2.54997e-11
35.3143,2.38781e-11
32.3183,2.85061e-11
36.4697,2.23903e-11
36.836,2.19475e-11
33.306,2.6842e-11
31.373,3.02479e-11
32.1255,2.8849e-11
34.2409,2.53973e-11
33.8816,2.59385e-11
37.9798,2.06464e-11
44.5808,1.49877e-11
31.5415,2.9926e-11
31.8476,2.9354e-11
33.9457,2.58407e-11
32.1111,2.88748e-11
31.2218,3.05414e-11
29.5444,3.41039e-11
32.0439,2.89959e-11
33.2227,2.69765e-11
30.7035,3.15801e-11
29.8329,3.3448e-11
33.5973,2.63789e-11
41.3388,1.74293e-11
32.0763,2.89374e-11
34.8646,2.44976e-11
32.6692,2.78975e-11
29.5911,3.39964e-11
29.673,3.38091e-11
33.2774,2.6888e-11
31.1276,3.07263e-11
36.4139,2.24588e-11
33.855,2.59792e-11
34.6531,2.47973e-11
33.103,2.71719e-11
41.0891,1.76417e-11
31.935,2.91939e-11
33.0762,2.72158e-11
33.9042,2.59039e-11
32.7902,2.76922e-11
32.7414,2.77748e-11
42.5968,1.64156e-11
48.308,1.27652e-11
39.293,1.92902e-11
35.9602,2.30287e-11
31.4175,3.01625e-11
36.4254,2.24447e-11
30.9884,3.10027e-11
38.0118,2.06117e-11
42.6773,1.63538e-11
40.1641,1.84631e-11
30.8352,3.13111e-11
35.6485,1.17165e-11
38.5042,1.00441e-11
36.8694,1.09539e-11
33.5441,1.32313e-11
36.4494,1.12076e-11
35.2542,1.19798e-11
33.8839,1.29675e-11
34.5469,1.24749e-11
37.0736,1.08337e-11
35.1657,1.20401e-11
37.7733,1.04363e-11
35.4871,1.18232e-11
35.8875,1.1561e-11
36.0772,1.14399e-11
33.8173,1.30185e-11
38.8771,9.85245e-12
39.4812,9.55346e-12
33.9056,1.29509e-11
32.4015,1.418e-11
32.8388,1.38052e-11
35.8667,1.15744e-11
36.0021,1.14876e-11
39.027,9.77697e-12
46.6798,6.8354e-12
31.8837,1.46438e-11
33.3091,1.34185e-11
34.6788,1.23803e-11
33.9914,1.28857e-11
33.5129,1.32559e-11
31.1781,1.53135e-11
32.7858,1.38499e-11
33.3673,1.33718e-11
30.8227,1.56683e-11
30.2682,1.6247e-11
34.2102,1.27215e-11
41.989,8.44699e-12
34.3158,1.26434e-11
36.4037,1.12357e-11
32.8055,1.38332e-11
31.387,1.51105e-11
31.4327,1.50667e-11
35.4698,1.18347e-11
31.559,1.49464e-11
36.9508,1.09057e-11
36.6396,1.10916e-11
36.7792,1.10076e-11
33.5094,1.32587e-11
42.9469,8.07462e-12
33.6578,1.31421e-11
34.9116,1.22159e-11
34.014,1.28685e-11
35.3136,1.19396e-11
33.7607,1.30622e-11
44.7746,7.42917e-12
50.3193,5.88273e-12
41.0627,8.83219e-12
37.93,1.03503e-11
31.8187,1.47037e-11
37.1569,1.07851e-11
32.5779,1.4027e-11
38.274,1.01652e-11
44.5777,7.49491e-12
41.7006,8.56416e-12
30.898,1.55921e-11
36.9636,5.44908e-12
38.531,5.01507e-12
37.852,5.19647e-12
34.1668,6.37692e-12
37.2825,5.35632e-12
37.1421,5.39688e-12
35.0009,6.07682e-12
35.7012,5.84095e-12
39.5343,4.76391e-12
37.8549,5.19569e-12
38.349,5.06276e-12
37.3889,5.32591e-12
36.9976,5.43908e-12
37.2957,5.35256e-12
36.1926,5.68354e-12
38.9895,4.89788e-12
39.5246,4.76626e-12
33.9152,6.47177e-12
32.8986,6.87754e-12
33.861,6.49248e-12
37.1869,5.38388e-12
36.3818,5.62462e-12
40.2298,4.60072e-12
48.8348,3.12283e-12
33.6561,6.57172e-12
36.1689,5.69099e-12
35.4626,5.91977e-12
35.1336,6.03104e-12
33.7493,6.53551e-12
32.0321,7.25431e-12
33.8695,6.48924e-12
35.4374,5.92817e-12
33.2607,6.72874e-12
31.7725,7.37322e-12
36.4262,5.61092e-12
43.4773,3.93945e-12
34.6297,6.20771e-12
37.3379,5.34045e-12
32.934,6.86281e-12
33.1522,6.77282e-12
32.2697,7.14797e-12
37.0703,5.41778e-12
33.9002,6.47749e-12
38.3214,5.07003e-12
36.7565,5.51062e-12
38.0216,5.15025e-12
35.5357,5.89546e-12
44.9071,3.6927e-12
34.9991,6.07745e-12
35.7254,5.83304e-12
35.1092,6.03944e-12
35.6522,5.85701e-12
34.9232,6.10389e-12
46.8121,3.39841e-12
52.3358,2.71915e-12
42.9384,4.03889e-12
40.2995,4.58483e-12
33.7078,6.55161e-12
37.1589,5.39199e-12
33.234,6.73957e-12
40.0693,4.63763e-12
46.5338,3.43916e-12
42.472,4.12804e-12
33.4564,6.65033e-12
39.1476,2.42922e-12
40.8445,2.23168e-12
39.3786,2.40082e-12
35.4975,2.95407e-12
39.1775,2.42551e-12
39.3854,2.39999e-12
37.4107,2.65986e-12
37.9526,2.5845e-12
39.7633,2.35461e-12
38.2298,2.54717e-12
40.4181,2.27899e-12
40.0016,2.32667e-12
38.6368,2.49383e-12
39.2683,2.41432e-12
38.0783,2.56747e-12
40.6751,2.2503e-12
41.4726,2.16463e-12
36.2959,2.82564e-12
33.9617,3.22705e-12
36.0389,2.86605e-12
38.7261,2.48235e-12
38.5438,2.50587e-12
42.448,2.06636e-12
51.0315,1.42994e-12
34.5177,3.12401e-12
36.3955,2.8102e-12
37.2515,2.68262e-12
35.5011,2.95347e-12
36.2154,2.8382e-12
33.5553,3.30562e-12
35.9598,2.87866e-12
36.3952,2.81025e-12
34.0002,3.21974e-12
33.733,3.27092e-12
37.1169,2.7021e-12
43.7824,1.94238e-12
35.3708,2.97526e-12
38.3396,2.53262e-12
35.1463,3.01336e-12
33.3621,3.34399e-12
34.5137,3.12474e-12
37.9972,2.57844e-12
34.1903,3.18407e-12
40.3148,2.29068e-12
37.3208,2.67268e-12
39.3453,2.40488e-12
35.8921,2.88952e-12
46.989,1.68644e-12
36.336,2.8194e-12
37.7729,2.60913e-12
36.2922,2.82621e-12
38.0169,2.57576e-12
37.3735,2.66515e-12
46.9868,1.6866e-12
54.3573,1.26037e-12
44.9733,1.84092e-12
40.9373,2.22159e-12
34.5949,3.1101e-12
38.8332,2.46868e-12
33.8135,3.25536e-12
42.24,2.08674e-12
48.5546,1.57948e-12
43.6283,1.95612e-12
33.6171,3.29348e-12
39.8213,1.17388e-12
41.503,1.08073e-12
40.204,1.15166e-12
36.5481,1.3934e-12
41.7262,1.06921e-12
39.5568,1.18962e-12
37.676,1.31128e-12
38.7157,1.24184e-12
41.4374,1.08416e-12
38.5939,1.24969e-12
41.2589,1.09355e-12
40.3704,1.14219e-12
39.8453,1.17247e-12
41.4999,1.0809e-12
38.1215,1.28083e-12
42.8549,1.01366e-12
43.2127,9.96955e-13
36.5175,1.39573e-12
35.8676,1.44673e-12
36.5081,1.39646e-12
40.1674,1.15375e-12
39.314,1.20435e-12
43.5009,9.83792e-13
51.0562,7.14277e-13
36.1201,1.42659e-12
36.9175,1.36567e-12
37.4553,1.32676e-12
37.2198,1.3436e-12
36.7726,1.37645e-12
34.1047,1.60003e-12
36.517,1.39577e-12
38.0057,1.28864e-12
34.1064,1.59987e-12
33.8135,1.62768e-12
39.3516,1.20206e-12
45.3144,9.06664e-13
36.6871,1.38287e-12
39.3583,1.20165e-12
35.5361,1.47383e-12
34.3565,1.57668e-12
34.9023,1.5278e-12
39.069,1.2195e-12
34.7912,1.53756e-12
42.6986,1.02109e-12
38.5878,1.25008e-12
39.7299,1.17929e-12
37.9654,1.29138e-12
49.18,7.69792e-13
38.5617,1.25177e-12
38.4437,1.25947e-12
38.1976,1.27573e-12
38.6426,1.24654e-12
38.2729,1.27073e-12
48.8349,7.80705e-13
56.3835,5.85719e-13
47.1708,8.36737e-13
42.4462,1.03327e-12
35.0063,1.51874e-12
40.9579,1.10967e-12
36.3438,1.4091e-12
44.7407,9.30053e-13
50.6397,7.26069e-13
45.603,8.95228e-13
35.869,1.44662e-12
41.3171,5.45239e-13
43.2973,4.96531e-13
41.5469,5.39227e-13
38.8061,6.18033e-13
41.9978,5.27717e-13
41.4607,5.41471e-13
40.0726,5.79608e-13
40.3506,5.71654e-13
43.7752,4.85754e-13
39.8152,5.87121e-13
43.0883,5.01358e-13
42.2178,5.22234e-13
41.408,5.42848e-13
41.767,5.33562e-13
38.7548,6.19669e-13
44.665,4.66603e-13
43.9686,4.81494e-13
38.5794,6.25313e-13
36.6304,6.93573e-13
39.3058,6.0243e-13
41.614,5.37489e-13
40.7726,5.59889e-13
44.6999,4.65875e-13
52.9064,3.32604e-13
38.4143,6.30695e-13
38.251,6.3609e-13
39.9482,5.83223e-13
37.7681,6.52446e-13
38.9358,6.13926e-13
36.2776,7.07121e-13
39.393,5.99767e-13
40.0602,5.79967e-13
36.9469,6.81751e-13
35.0088,7.59261e-13
40.1198,5.78248e-13
47.1498,4.18741e-13
38.3665,6.32267e-13
41.4327,5.42202e-13
37.7489,6.53112e-13
36.2369,7.0871e-13
35.6808,7.30954e-13
40.0882,5.79157e-13
36.6208,6.93939e-13
42.7249,5.09918e-13
40.9474,5.55123e-13
41.7856,5.33087e-13
39.3145,6.02163e-13
51.4484,3.51717e-13
39.2976,6.0268e-13
40.7193,5.61354e-13
38.8777,6.15759e-13
40.8298,5.58322e-13
39.9174,5.84122e-13
50.7518,3.61433e-13
58.4143,2.72857e-13
49.2549,3.83727e-13
44.5858,4.68262e-13
36.8213,6.86406e-13
42.4463,5.16631e-13
36.8544,6.85175e-13
44.8482,4.628e-13
52.7793,3.34208e-13
47.7635,4.08053e-13
36.3356,7.04865e-13
43.6198,2.4461e-13
44.6686,2.33265e-13
42.003,2.63793e-13
39.3267,3.00894e-13
43.806,2.42537e-13
43.9701,2.4073e-13
40.7409,2.8038e-13
40.7678,2.80011e-13
44.7915,2.31986e-13
41.7665,2.66787e-13
44.2004,2.3823e-13
42.22,2.6109e-13
42.7171,2.55052e-13
43.6859,2.43871e-13
40.5189,2.8346e-13
45.2632,2.27178e-13
46.1912,2.18147e-13
39.6097,2.96614e-13
38.6763,3.11093e-13
39.5775,2.97096e-13
43.1751,2.49672e-13
43.0994,2.5055e-13
46.9162,2.11459e-13
54.8181,1.5491e-13
38.9538,3.06679e-13
40.2038,2.87917e-13
40.1592,2.88557e-13
40.3315,2.86098e-13
39.2482,3.02099e-13
37.1727,3.36749e-13
39.5749,2.97135e-13
40.9108,2.78057e-13
37.1131,3.37832e-13
37.1517,3.37131e-13
42.3526,2.59459e-13
49.1199,1.92919e-13
39.288,3.01488e-13
42.6585,2.55752e-13
38.8645,3.0809e-13
37.3797,3.33033e-13
37.0741,3.38542e-13
42.3645,2.59313e-13
37.7976,3.25715e-13
44.6061,2.33918e-13
41.1571,2.74742e-13
41.9815,2.64064e-13
40.5609,2.82873e-13
52.0227,1.71998e-13
39.8248,2.9342e-13
41.2384,2.73659e-13
41.6589,2.68166e-13
41.7614,2.66852e-13
39.9388,2.91749e-13
52.7579,1.67239e-13
60.4492,1.274e-13
49.4469,1.90377e-13
44.9193,2.30669e-13
38.42,3.15254e-13
43.2847,2.48411e-13
38.1765,3.19286e-13
46.7132,2.13301e-13
54.0937,1.59084e-13
48.6161,1.96936e-13
36.9162,3.41443e-13
43.6754,1.21994e-13
45.8894,1.10512e-13
44.3056,1.1855e-13
42.2658,1.30262e-13
45.7092,1.11385e-13
44.436,1.17856e-13
42.617,1.28125e-13
42.2782,1.30186e-13
46.0491,1.09747e-13
44.4259,1.17909e-13
45.786,1.11011e-13
44.2585,1.18802e-13
44.2022,1.19105e-13
46.2183,1.08945e-13
43.1747,1.24838e-13
47.2028,1.04451e-13
47.151,1.0468e-13
41.2964,1.36446e-13
39.5349,1.48868e-13
40.8055,1.39747e-13
44.5241,1.1739e-13
43.4407,1.23315e-13
47.9749,1.01117e-13
56.7873,7.21778e-14
39.1735,1.51625e-13
40.7091,1.40409e-13
42.3853,1.29529e-13
40.5,1.41862e-13
40.1957,1.44017e-13
37.4572,1.65828e-13
40.6432,1.40865e-13
41.1708,1.3728e-13
37.8735,1.62206e-13
37.4888,1.65549e-13
42.8604,1.26675e-13
51.2504,8.86096e-14
41.9257,1.32383e-13
43.6989,1.21863e-13
39.6263,1.48183e-13
38.042,1.60773e-13
38.9542,1.53336e-13
42.6164,1.28129e-13
39.8353,1.46633e-13
46.8726,1.05927e-13
42.8616,1.26668e-13
44.1389,1.19447e-13
42.0672,1.31495e-13
53.1971,8.22453e-14
42.036,1.3169e-13
43.7474,1.21593e-13
41.7015,1.3381e-13
42.3977,1.29453e-13
42.1143,1.31201e-13
54.8576,7.73432e-14
60.7295,6.31136e-14
51.3139,8.83903e-14
46.6992,1.06714e-13
39.8863,1.46258e-13
45.3507,1.13152e-13
38.9385,1.5346e-13
47.7095,1.02244e-13
54.8633,7.7327e-14
49.7818,9.39126e-14
38.7257,1.55151e-13
45.6364,5.58701e-14
48.0503,5.04e-14
44.8194,5.79245e-14
42.4485,6.4572e-14
46.1788,5.45659e-14
45.2282,5.68825e-14
44.3309,5.92073e-14
44.6221,5.84375e-14
48.246,4.99921e-14
44.8733,5.77853e-14
47.1756,5.22854e-14
45.3062,5.6687e-14
45.6132,5.59267e-14
46.9386,5.28145e-14
43.5807,6.12623e-14
49.6064,4.72888e-14
48.4705,4.95302e-14
42.911,6.31883e-14
39.8025,7.34372e-14
41.8504,6.64297e-14
45.1141,5.71706e-14
45.6709,5.57857e-14
49.17,4.81316e-14
58.821,3.36372e-14
41.593,6.72541e-14
43.013,6.28891e-14
43.0358,6.28227e-14
43.2619,6.2168e-14
41.3025,6.82028e-14
39.8511,7.32581e-14
41.8894,6.63061e-14
43.5126,6.14542e-14
39.9801,7.27863e-14
38.3394,7.91451e-14
43.1504,6.24896e-14
53.5116,4.06408e-14
42.248,6.51861e-14
45.8683,5.53067e-14
40.5484,7.07619e-14
39.7481,7.36382e-14
40.1315,7.22386e-14
44.3167,5.92453e-14
39.8489,7.32662e-14
47.2165,5.21948e-14
45.4913,5.62267e-14
44.9057,5.77021e-14
43.1498,6.24914e-14
53.4937,4.0668e-14
42.0436,6.5821e-14
44.1039,5.9818e-14
44.2096,5.95327e-14
43.5738,6.12818e-14
42.5668,6.42139e-14
57.0354,3.57757e-14
62.4549,2.98377e-14
53.3124,4.0945e-14
48.3897,4.96957e-14
39.8986,7.3084e-14
46.8197,5.30828e-14
40.3901,7.13172e-14
48.8141,4.88357e-14
56.7062,3.61921e-14
51.5823,4.37366e-14
40.2938,7.16582e-14
46.9268,2.64205e-14
48.6086,2.46247e-14
46.4973,2.69106e-14
42.7773,3.17919e-14
47.4367,2.58558e-14
46.1167,2.73564e-14
44.4345,2.9466e-14
45.6522,2.79156e-14
50.4136,2.28936e-14
45.3435,2.8297e-14
48.5118,2.4723e-14
46.3821,2.70444e-14
47.0189,2.63171e-14
47.4847,2.58036e-14
44.5369,2.93306e-14
50.5963,2.27286e-14
50.9731,2.2394e-14
43.3117,3.10127e-14
41.6857,3.34777e-14
42.6613,3.19649e-14
46.1255,2.7346e-14
46.5442,2.68564e-14
51.3845,2.2037e-14
60.9171,1.56814e-14
41.8112,3.32772e-14
44.4224,2.9482e-14
45.0015,2.87285e-14
43.5269,3.07068e-14
43.5219,3.07139e-14
40.4937,3.54764e-14
42.6177,3.20303e-14
43.5902,3.06178e-14
40.1268,3.61277e-14
40.462,3.5532e-14
45.0307,2.86911e-14
53.616,2.02414e-14
43.9854,3.00704e-14
46.5592,2.68391e-14
41.9153,3.31122e-14
40.231,3.5941e-14
40.3451,3.57382e-14
46.7922,2.65727e-14
41.0101,3.45892e-14
49.0373,2.41962e-14
45.8994,2.7616e-14
46.3948,2.70296e-14
43.58,3.06321e-14
55.3116,1.90198e-14
44.2797,2.96722e-14
46.8403,2.65181e-14
44.7938,2.89953e-14
44.6249,2.92152e-14
44.1555,2.98393e-14
59.2683,1.65658e-14
64.4521,1.40088e-14
55.456,1.89209e-14
48.8626,2.43694e-14
42.0772,3.2858e-14
47.7191,2.55508e-14
41.3929,3.39528e-14
51.03,2.23441e-14
58.5912,1.69508e-14
53.5781,2.027e-14
41.148,3.43578e-14
47.8408,1.27105e-14
51.3009,1.10544e-14
48.1223,1.25623e-14
44.6043,1.46211e-14
48.2793,1.24808e-14
47.9195,1.26688e-14
45.2724,1.41929e-14
47.1603,1.30798e-14
50.5501,1.13851e-14
46.4572,1.34786e-14
50.1839,1.15518e-14
48.4097,1.24137e-14
48.5325,1.23509e-14
48.3687,1.24347e-14
45.3461,1.41469e-14
51.875,1.08112e-14
51.3282,1.10426e-14
44.0417,1.49968e-14
43.2357,1.55608e-14
44.1291,1.49375e-14
47.2602,1.30246e-14
48.0529,1.25986e-14
52.4489,1.0576e-14
63.0659,7.31563e-15
44.0714,1.49766e-14
45.0601,1.43269e-14
46.1708,1.36462e-14
45.4451,1.40853e-14
44.0064,1.50209e-14
41.1271,1.71964e-14
44.1677,1.49114e-14
45.6547,1.39563e-14
43.3564,1.54744e-14
41.3081,1.70461e-14
45.8099,1.38619e-14
55.4289,9.46971e-15
44.9983,1.43663e-14
48.1387,1.25538e-14
43.0446,1.56992e-14
43.5498,1.53373e-14
42.1521,1.63707e-14
47.7489,1.27595e-14
42.2786,1.62729e-14
49.9676,1.1652e-14
47.7843,1.27406e-14
48.3944,1.24215e-14
45.0999,1.43016e-14
57.21,8.88942e-15
44.8362,1.44703e-14
47.0251,1.31551e-14
46.907,1.32214e-14
46.087,1.36958e-14
46.9181,1.32152e-14
59.7627,8.14644e-15
66.4542,6.58881e-15
57.7163,8.73418e-15
50.6144,1.13562e-14
42.4048,1.61763e-14
48.9236,1.21543e-14
44.2973,1.48243e-14
51.3543,1.10314e-14
60.5349,7.93999e-15
55.8014,9.34375e-15
41.7606,1.66789e-14
49.9339,5.83385e-15
51.4393,5.49752e-15
48.999,6.0585e-15
45.3042,7.08651e-15
50.1204,5.79054e-15
50.3646,5.73454e-15
47.841,6.3552e-15
47.2076,6.52682e-15
50.7799,5.64116e-15
48.3703,6.21695e-15
51.2642,5.53511e-15
50.8215,5.63192e-15
49.8562,5.85204e-15
50.3234,5.74391e-15
47.3779,6.48001e-15
51.8905,5.40235e-15
53.0479,5.16927e-15
46.6546,6.68238e-15
44.6263,7.30332e-15
45.8341,6.92368e-15
48.8968,6.08384e-15
50.5477,5.69308e-15
53.6401,5.0558e-15
65.255,3.41657e-15
45.4253,7.04877e-15
45.6171,6.98967e-15
47.8157,6.36194e-15
46.0297,6.86498e-15
46.8217,6.63479e-15
42.4749,8.06148e-15
45.7607,6.94588e-15
46.4951,6.72829e-15
43.4124,7.71723e-15
41.7438,8.34618e-15
47.6858,6.39664e-15
57.424,4.41166e-15
45.2681,7.09779e-15
49.1118,6.03071e-15
45.4315,7.04686e-15
43.6013,7.65054e-15
42.9868,7.87074e-15
48.311,6.23221e-15
44.2599,7.42469e-15
51.0484,5.58199e-15
47.8419,6.35498e-15
48.9807,6.06303e-15
47.6185,6.41471e-15
59.2163,4.14871e-15
46.75,6.65515e-15
49.979,5.82334e-15
47.0723,6.56437e-15
47.4302,6.46571e-15
47.1966,6.52986e-15
61.2958,3.87206e-15
68.461,3.10414e-15
57.7433,4.36301e-15
52.7351,5.23075e-15
45.1974,7.12002e-15
49.7746,5.87123e-15
44.5035,7.34366e-15
52.8776,5.20262e-15
62.5504,3.71833e-15
57.1978,4.4466e-15
43.5597,7.66518e-15
51.0599,2.78974e-15
53.6766,2.52447e-15
51.6151,2.73007e-15
46.9587,3.29809e-15
52.5991,2.62892e-15
50.8926,2.8081e-15
47.8846,3.17182e-15
48.8836,3.04357e-15
52.5617,2.63266e-15
50.998,2.79651e-15
53.2222,2.56774e-15
51.0449,2.79138e-15
51.4723,2.74524e-15
52.1434,2.67505e-15
49.0128,3.02755e-15
53.7518,2.51741e-15
55.4745,2.36354e-15
46.6803,3.33752e-15
44.7116,3.63775e-15
46.8633,3.31151e-15
49.9417,2.91602e-15
50.8333,2.81465e-15
55.8528,2.33164e-15
65.2889,1.70651e-15
45.5973,3.49786e-15
47.8541,3.17586e-15
49.548,2.96252e-15
46.6,3.34903e-15
47.1956,3.26506e-15
44.6143,3.65362e-15
46.9037,3.30582e-15
48.1116,3.14198e-15
43.5083,3.84164e-15
43.8112,3.78873e-15
48.5403,3.08675e-15
59.5631,2.05028e-15
47.2183,3.26193e-15
50.1899,2.88725e-15
46.1364,3.41663e-15
43.6034,3.82492e-15
45.2468,3.55224e-15
49.0975,3.01711e-15
45.5176,3.51012e-15
52.9075,2.59837e-15
49.9943,2.90988e-15
51.4023,2.75271e-15
47.8045,3.18246e-15
61.3376,1.9334e-15
48.0448,3.15071e-15
49.986,2.91085e-15
48.0106,3.1552e-15
48.6983,3.06675e-15
48.2174,3.1282e-15
63.2471,1.81845e-15
70.4726,1.46474e-15
59.8443,2.03106e-15
55.2157,2.38574e-15
45.8634,3.45741e-15
51.5884,2.73289e-15
44.6484,3.64804e-15
54.7999,2.42207e-15
64.6383,1.74103e-15
57.9949,2.16263e-15
44.4407,3.68222e-15
52.2201,1.3336e-15
54.4627,1.22607e-15
51.7866,1.35601e-15
48.4596,1.54852e-15
52.8186,1.30356e-15
52.5747,1.31568e-15
49.9769,1.45595e-15
51.3229,1.38062e-15
54.886,1.20724e-15
51.5198,1.37009e-15
54.0403,1.24531e-15
53.1276,1.28845e-15
52.7114,1.30887e-15
52.6497,1.31194e-15
49.9206,1.45924e-15
56.0471,1.15775e-15
55.6848,1.17286e-15
49.0461,1.51172e-15
47.0501,1.64264e-15
49.6791,1.47346e-15
51.6946,1.36084e-15
53.171,1.28634e-15
56.9229,1.12241e-15
67.1441,8.06767e-16
46.6707,1.66945e-15
48.3322,1.55669e-15
49.6126,1.47741e-15
48.3647,1.55459e-15
47.569,1.60701e-15
45.1573,1.78316e-15
49.5861,1.47898e-15
50.0212,1.45338e-15
46.1397,1.70807e-15
45.1565,1.78323e-15
50.4293,1.42996e-15
60.5489,9.92039e-16
48.0794,1.5731e-15
52.1883,1.33523e-15
46.5637,1.67712e-15
46.0401,1.71547e-15
45.828,1.73138e-15
50.9048,1.40338e-15
45.6702,1.74336e-15
55.1952,1.19375e-15
50.4574,1.42837e-15
51.8489,1.35276e-15
50.0718,1.45044e-15
63.2386,9.09467e-16
49.5466,1.48134e-15
50.6295,1.41868e-15
49.2853,1.49708e-15
50.377,1.43293e-15
49.0951,1.5087e-15
63.672,8.97133e-16
72.4889,6.92205e-16
60.0026,1.01018e-15
55.6399,1.17475e-15
45.867,1.72843e-15
53.9566,1.24917e-15
46.4986,1.68182e-15
57.1192,1.11471e-15
66.7858,8.15444e-16
59.8311,1.01598e-15
46.4308,1.68673e-15
54.2689,6.1742e-16
56.1654,5.76441e-16
53.769,6.28949e-16
49.7396,7.34937e-16
54.5768,6.10476e-16
53.7385,6.29664e-16
50.9078,7.01606e-16
52.6469,6.56035e-16
55.2136,5.96479e-16
52.1112,6.69588e-16
56.286,5.73974e-16
53.519,6.34838e-16
54.4293,6.13788e-16
54.5072,6.12035e-16
51.0328,6.98177e-16
56.3312,5.73053e-16
57.7079,5.46047e-16
49.7901,7.33447e-16
47.2475,8.14476e-16
49.9536,7.28655e-16
52.6501,6.55956e-16
54.1626,6.19844e-16
58.1102,5.38513e-16
69.0667,3.81243e-16
48.7561,7.64874e-16
50.0539,7.25741e-16
50.5681,7.11061e-16
49.3839,7.45559e-16
49.16,7.52361e-16
45.6357,8.72997e-16
49.9979,7.27367e-16
50.948,7.00502e-16
46.3387,8.46719e-16
45.2014,8.89845e-16
51.371,6.89017e-16
61.6912,4.77826e-16
49.7559,7.34456e-16
54.784,6.05869e-16
48.8617,7.61574e-16
46.4662,8.42083e-16
46.1608,8.53256e-16
53.4724,6.35945e-16
47.4471,8.07641e-16
57.7854,5.44583e-16
51.9478,6.73806e-16
53.6317,6.32173e-16
51.3608,6.89291e-16
63.5095,4.50864e-16
51.1612,6.94676e-16
52.6776,6.55272e-16
51.0527,6.97631e-16
51.4397,6.87179e-16
51.5637,6.83879e-16
65.1869,4.27965e-16
74.5096,3.27587e-16
61.6503,4.7846e-16
57.3682,5.5253e-16
47.4645,8.07049e-16
55.2945,5.94736e-16
47.9189,7.91823e-16
57.7576,5.45107e-16
68.9764,3.82242e-16
61.8709,4.75055e-16
47.386,8.09724e-16
54.454,3.06615e-16
57.6771,2.73315e-16
54.9712,3.00875e-16
52.2104,3.33524e-16
56.9782,2.80058e-16
54.7749,3.03034e-16
52.4734,3.3019e-16
53.2349,3.20814e-16
56.7733,2.82083e-16
53.1005,3.2244e-16
56.8364,2.81457e-16
55.4404,2.95806e-16
55.5815,2.94306e-16
57.0248,2.79601e-16
52.0479,3.35609e-16
57.8971,2.71242e-16
59.2597,2.58915e-16
51.7912,3.38943e-16
49.9364,3.64578e-16
50.0387,3.6309e-16
54.5254,3.05813e-16
54.3822,3.07426e-16
60.321,2.49887e-16
71.0433,1.80164e-16
49.301,3.74033e-16
52.9734,3.23989e-16
52.4929,3.29945e-16
50.9744,3.49888e-16
50.1587,3.61356e-16
48.713,3.83114e-16
50.0048,3.63583e-16
52.6304,3.28224e-16
47.6803,3.99882e-16
47.2059,4.07955e-16
53.2805,3.20266e-16
63.7368,2.23827e-16
51.4444,3.43527e-16
55.1942,2.98449e-16
48.8884,3.80371e-16
47.8933,3.96335e-16
49.0942,3.77189e-16
53.7371,3.14849e-16
48.1161,3.92674e-16
57.9362,2.70876e-16
54.3798,3.07452e-16
55.2485,2.97863e-16
51.6988,3.40155e-16
65.2994,2.13245e-16
51.6158,3.41249e-16
52.8246,3.25816e-16
51.8436,3.38258e-16
53.4816,3.17863e-16
51.5707,3.41847e-16
67.1437,2.01694e-16
76.5347,1.55242e-16
63.4667,2.25736e-16
57.5765,2.7427e-16
48.9206,3.7987e-16
56.3781,2.8605e-16
49.4292,3.72097e-16
59.1818,2.59597e-16
69.2188,1.89785e-16
64.1244,2.2113e-16
47.5633,4.0185e-16
56.3311,1.43264e-16
58.7826,1.31567e-16
56.249,1.43682e-16
52.3514,1.65865e-16
58.4531,1.33054e-16
57.0667,1.39596e-16
54.6457,1.52234e-16
53.7799,1.57174e-16
58.9843,1.30669e-16
54.977,1.50406e-16
59.3703,1.28976e-16
55.874,1.45617e-16
57.4004,1.37977e-16
57.5019,1.37491e-16
54.3637,1.53817e-16
59.9601,1.26452e-16
60.1518,1.25647e-16
52.104,1.67443e-16
50.388,1.79038e-16
52.249,1.66516e-16
55.391,1.48167e-16
55.5351,1.47399e-16
61.397,1.20604e-16
73.079,8.51342e-17
52.1871,1.66911e-16
53.0576,1.61481e-16
53.1295,1.61044e-16
52.5956,1.64329e-16
51.5373,1.71144e-16
49.0333,1.89064e-16
52.3283,1.66012e-16
53.8253,1.56909e-16
49.2937,1.87072e-16
48.249,1.95257e-16
54.3141,1.54098e-16
65.2178,1.0689e-16
52.6822,1.63789e-16
55.7411,1.46312e-16
51.3835,1.7217e-16
48.952,1.89692e-16
49.0953,1.88586e-16
55.6806,1.4663e-16
50.909,1.75393e-16
57.9701,1.3528e-16
55.1005,1.49733e-16
56.2199,1.43831e-16
52.5552,1.64582e-16
67.1742,1.00755e-16
52.3118,1.66117e-16
55.2423,1.48965e-16
54.4774,1.53176e-16
54.3053,1.54148e-16
53.4903,1.5888e-16
69.1798,9.49995e-17
78.5639,7.36637e-17
65.415,1.06246e-16
59.2385,1.2955e-16
50.2698,1.79881e-16
56.9249,1.40292e-16
49.6645,1.8429e-16
61.183,1.21449e-16
70.9132,9.04128e-17
66.2007,1.0374e-16
50.1733,1.80573e-16
58.7611,6.58315e-17
61.0841,6.09211e-17
58.815,6.5711e-17
52.7229,8.17684e-17
58.5495,6.63083e-17
57.0854,6.9752e-17
55.3386,7.42236e-17
55.5231,7.37314e-17
60.1198,6.28905e-17
57.5714,6.85797e-17
59.6489,6.38871e-17
57.3242,6.91722e-17
58.4638,6.65027e-17
59.1948,6.48707e-17
54.6718,7.60446e-17
62.1438,5.88616e-17
62.4418,5.83013e-17
53.2074,8.02865e-17
50.7392,8.82844e-17
52.6517,8.19896e-17
57.3941,6.9004e-17
57.8775,6.78564e-17
62.5804,5.80434e-17
75.1718,4.02304e-17
52.6335,8.20464e-17
53.1683,8.04045e-17
55.6578,7.33748e-17
53.9195,7.81807e-17
53.6819,7.8874e-17
49.1082,9.42437e-17
52.6302,8.20567e-17
53.8393,7.84135e-17
49.4637,9.28943e-17
48.7533,9.562e-17
56.2314,7.18861e-17
65.8085,5.24898e-17
53.3796,7.97695e-17
56.8216,7.0401e-17
51.9303,8.42827e-17
49.6548,9.21809e-17
50.0947,9.05697e-17
56.0098,7.24559e-17
51.3317,8.62588e-17
59.5155,6.41738e-17
56.7086,7.06817e-17
58.9446,6.54225e-17
54.7683,7.57768e-17
69.1752,4.7506e-17
54.8122,7.56556e-17
55.5477,7.3666e-17
54.6495,7.61067e-17
56.7054,7.06897e-17
55.945,7.26237e-17
71.2933,4.47257e-17
80.4575,3.51188e-17
67.5296,4.9849e-17
61.3344,6.0425e-17
51.3267,8.62758e-17
58.2979,6.68816e-17
51.9623,8.41788e-17
63.5585,5.62712e-17
72.8026,4.28909e-17
66.4633,5.1461e-17
50.6036,8.87579e-17
58.9855,3.26659e-17
61.512,3.00383e-17
59.0359,3.26102e-17
55.2328,3.7254e-17
59.3238,3.22945e-17
58.837,3.2831e-17
56.1927,3.59925e-17
58.0531,3.37233e-17
61.2333,3.03124e-17
58.1693,3.35887e-17
62.4708,2.91236e-17
59.4937,3.21104e-17
60.3828,3.1172e-17
60.4701,3.10821e-17
56.5345,3.55588e-17
62.4079,2.91823e-17
63.259,2.84025e-17
54.2058,3.86786e-17
52.1738,4.1749e-17
54.6,3.81223e-17
58.1681,3.35902e-17
58.0833,3.36883e-17
64.7894,2.70769e-17
76.2522,1.95493e-17
52.6551,4.09895e-17
54.8924,3.77174e-17
55.8695,3.64101e-17
55.1628,3.73486e-17
54.4361,3.83521e-17
51.1,4.35213e-17
54.6879,3.79998e-17
55.9131,3.63533e-17
52.4853,4.1255e-17
50.6484,4.43005e-17
57.3518,3.45528e-17
67.5925,2.48782e-17
54.9246,3.76731e-17
58.6562,3.30336e-17
53.6691,3.94558e-17
51.6993,4.25185e-17
51.8356,4.22954e-17
57.8024,3.40164e-17
51.572,4.27286e-17
61.3738,3.01737e-17
57.8733,3.39332e-17
59.0903,3.25502e-17
55.3916,3.70409e-17
71.3139,2.235e-17
54.9328,3.7662e-17
57.8494,3.39611e-17
57.2403,3.46875e-17
57.2584,3.46657e-17
56.3341,3.58122e-17
72.7117,2.1499e-17
80.5922,1.75008e-17
69.7841,2.33404e-17
62.6812,2.89285e-17
52.8556,4.06792e-17
60.4115,3.11424e-17
52.0557,4.19385e-17
64.6994,2.71522e-17
74.747,2.03444e-17
68.3706,2.43153e-17
51.5703,4.27314e-17
60.9783,1.52832e-17
64.1249,1.38204e-17
61.3649,1.50912e-17
55.3424,1.85534e-17
61.1337,1.52056e-17
61.2184,1.51635e-17
57.9208,1.69388e-17
59.2533,1.61857e-17
63.3065,1.41799e-17
58.8975,1.63818e-17
62.4745,1.45601e-17
60.902,1.53215e-17
61.3558,1.50957e-17
61.4562,1.50465e-17
57.6493,1.70986e-17
64.2344,1.37734e-17
64.6803,1.35842e-17
56.5438,1.77736e-17
54.2078,1.93379e-17
55.8168,1.82394e-17
60.3025,1.56275e-17
60.1627,1.57002e-17
65.8711,1.30976e-17
77.3015,9.51112e-18
54.3426,1.92421e-17
56.4964,1.78034e-17
58.545,1.65796e-17
55.9945,1.81239e-17
55.9423,1.81577e-17
52.6996,2.04602e-17
55.7684,1.82711e-17
56.6492,1.77075e-17
52.7388,2.04298e-17
51.4076,2.15012e-17
59.255,1.61848e-17
69.4939,1.17678e-17
55.3783,1.85293e-17
61.1259,1.52094e-17
54.2165,1.93317e-17
53.1052,2.01489e-17
52.1711,2.08766e-17
59.055,1.62945e-17
54.0772,1.94314e-17
63.6622,1.4022e-17
59.1004,1.62695e-17
61.1999,1.51727e-17
57.0114,1.74833e-17
73.5582,1.05036e-17
57.3577,1.72729e-17
58.3208,1.67073e-17
57.7025,1.70671e-17
59.0537,1.62952e-17
56.7733,1.76302e-17
73.3761,1.05558e-17
82.531,8.34414e-18
70.2384,1.15198e-17
63.5144,1.40873e-17
53.1175,2.01396e-17
61.4512,1.50489e-17
54.548,1.90975e-17
65.8335,1.31125e-17
76.7575,9.6464e-18
70.3286,1.14902e-17
52.8749,2.03248e-17
61.2126,7.58319e-18
64.3782,6.85596e-18
62.171,7.35126e-18
57.607,8.56189e-18
63.5306,7.04006e-18
62.8097,7.20255e-18
58.1977,8.38901e-18
59.555,8.01108e-18
65.6801,6.58691e-18
59.7451,7.96019e-18
65.0988,6.70505e-18
61.8864,7.41902e-18
61.4869,7.5157e-18
62.9252,7.17614e-18
58.8786,8.19615e-18
66.5589,6.41415e-18
67.2318,6.28645e-18
56.8944,8.77763e-18
55.1121,9.35434e-18
57.4067,8.62171e-18
60.9819,7.64067e-18
61.1016,7.61077e-18
67.0505,6.32047e-18
79.4522,4.50163e-18
55.6262,9.1823e-18
57.3569,8.63669e-18
58.7809,8.22341e-18
56.6929,8.8401e-18
57.2733,8.6619e-18
52.9042,1.01511e-17
57.4924,8.59603e-18
58.2628,8.37028e-18
52.9541,1.0132e-17
52.4188,1.034e-17
59.3713,8.06071e-18
71.5619,5.54883e-18
57.9849,8.45067e-18
62.0558,7.37858e-18
55.0991,9.35877e-18
53.2611,1.00156e-17
54.6943,9.49776e-18
59.9879,7.8959e-18
54.0792,9.71496e-18
65.0538,6.71433e-18
59.8589,7.92997e-18
62.432,7.28994e-18
59.9614,7.9029e-18
74.169,5.16567e-18
57.8411,8.49274e-18
60.5165,7.75862e-18
59.9134,7.91554e-18
59.92,7.91382e-18
58.3292,8.35122e-18
75.1896,5.02641e-18
84.472,3.98257e-18
71.7829,5.51472e-18
65.3903,6.64542e-18
55.6136,9.18644e-18
62.5773,7.25614e-18
55.5049,9.22245e-18
66.4262,6.4398e-18
78.8353,4.57235e-18
70.4401,5.72694e-18
53.721,9.84489e-18
62.8335,3.59855e-18
64.8127,3.38218e-18
63.8184,3.48836e-18
58.3776,4.16869e-18
63.7076,3.5005e-18
63.7584,3.49493e-18
60.0224,3.94342e-18
60.3829,3.89649e-18
65.8956,3.27196e-18
61.5868,3.74568e-18
65.3506,3.32675e-18
64.0817,3.45977e-18
63.2621,3.54997e-18
63.6241,3.50969e-18
60.2345,3.9157e-18
67.8403,3.0871e-18
67.4744,3.12067e-18
59.5667,4.00397e-18
55.7603,4.56909e-18
58.5409,4.14547e-18
63.2485,3.5515e-18
62.4504,3.64282e-18
69.2577,2.96206e-18
79.494,2.24845e-18
56.9748,4.37644e-18
59.8999,3.95956e-18
61.1996,3.79321e-18
58.9857,4.08321e-18
57.3925,4.31298e-18
53.964,4.87823e-18
58.3574,4.17158e-18
60.0173,3.94408e-18
55.3683,4.63399e-18
54.1353,4.84742e-18
60.2933,3.90807e-18
73.7867,2.60967e-18
58.1083,4.20742e-18
63.5435,3.51861e-18
56.5556,4.44153e-18
54.4917,4.78424e-18
55.6511,4.58703e-18
62.0667,3.68799e-18
56.9861,4.3747e-18
66.0145,3.26018e-18
61.1056,3.80489e-18
63.756,3.4952e-18
59.9787,3.94916e-18
75.5881,2.48678e-18
59.9554,3.95223e-18
61.1648,3.79752e-18
60.1415,3.92783e-18
60.1498,3.92674e-18
59.9951,3.94701e-18
77.0603,2.39268e-18
86.4154,1.90274e-18
73.7033,2.61557e-18
67.6539,3.10413e-18
56.2676,4.48711e-18
64.623,3.40206e-18
55.6957,4.5797e-18
67.7552,3.09486e-18
80.971,2.16718e-18
72.483,2.70436e-18
55.5548,4.60295e-18
65.049,1.67883e-18
66.507,1.60604e-18
65.8765,1.63693e-18
60.3617,1.94961e-18
65.4068,1.66052e-18
63.8005,1.74516e-18
61.213,1.89577e-18
62.2005,1.83608e-18
67.8762,1.54192e-18
64.1461,1.72641e-18
67.7366,1.54828e-18
65.2658,1.66769e-18
64.0869,1.7296e-18
65.4474,1.65845e-18
61.0803,1.90402e-18
68.877,1.49744e-18
69.2831,1.47994e-18
60.019,1.97194e-18
57.7581,2.12928e-18
59.4364,2.01077e-18
63.8298,1.74356e-18
65.0147,1.6806e-18
70.3452,1.4356e-18
81.3174,1.07438e-18
59.3107,2.0193e-18
60.9437,1.91256e-18
61.9146,1.85307e-18
59.3384,2.01741e-18
59.4055,2.01286e-18
56.5364,2.22228e-18
59.3173,2.01885e-18
61.0097,1.90843e-18
55.5942,2.29821e-18
54.6452,2.37871e-18
61.8795,1.85517e-18
76.1129,1.2263e-18
60.4865,1.94158e-18
63.5756,1.75753e-18
58.2835,2.09108e-18
56.3448,2.23741e-18
55.6963,2.2898e-18
64.8372,1.68981e-18
57.3778,2.1576e-18
67.9066,1.54054e-18
63.3207,1.7717e-18
65.8355,1.63896e-18
60.3491,1.95043e-18
77.4791,1.18345e-18
61.1794,1.89786e-18
63.2587,1.77517e-18
60.9183,1.91415e-18
62.7993,1.80124e-18
60.6902,1.92857e-18
79.0145,1.13791e-18
88.3615,9.09932e-19
75.7729,1.23733e-18
70.2,1.44155e-18
57.2973,2.16366e-18
67.1637,1.5748e-18
56.9417,2.19076e-18
69.8352,1.45664e-18
83.1502,1.02754e-18
74.6971,1.27323e-18
57.1603,2.17405e-18
66.6283,8.00102e-19
67.4021,7.81839e-19
66.543,8.02152e-19
61.3239,9.44465e-19
67.7554,7.73709e-19
65.4972,8.27969e-19
62.4653,9.10273e-19
64.8092,8.45637e-19
69.927,7.26409e-19
64.8224,8.45292e-19
68.2486,7.62569e-19
66.6472,7.99648e-19
66.0709,8.13656e-19
67.9192,7.69982e-19
63.2728,8.87192e-19
70.9567,7.05483e-19
71.4961,6.94881e-19
61.2007,9.48269e-19
57.9938,1.05601e-18
60.111,9.82953e-19
66.2268,8.0983e-19
65.1688,8.36333e-19
71.5207,6.94403e-19
83.2081,5.13057e-19
59.7087,9.96239e-19
60.9944,9.54693e-19
63.1586,8.90402e-19
62.192,9.18287e-19
60.2839,9.77324e-19
57.2533,1.0835e-18
60.1125,9.82902e-19
63.9428,8.68701e-19
57.7024,1.0667e-18
56.2439,1.12272e-18
62.9652,8.9588e-19
76.9334,6.00146e-19
61.2618,9.46378e-19
65.296,8.33078e-19
59.51,1.0029e-18
57.6975,1.06688e-18
57.3331,1.08048e-18
64.9619,8.41667e-19
57.5565,1.07211e-18
68.1188,7.65478e-19
64.3915,8.56639e-19
66.3142,8.07697e-19
61.918,9.26432e-19
79.4844,5.62247e-19
62.1998,9.18056e-19
64.0958,8.64561e-19
62.2829,9.1561e-19
62.8244,8.99899e-19
62.9251,8.97022e-19
81.069,5.40486e-19
90.3106,4.35541e-19
77.9831,5.84101e-19
70.4207,7.16262e-19
58.2529,1.04664e-18
67.3982,7.8193e-19
59.3449,1.00849e-18
71.303,6.9865e-19
84.497,4.97527e-19
74.8083,6.34721e-19
57.4286,1.07689e-18
67.5326,3.8941e-19
68.9698,3.73354e-19
66.5943,4.00459e-19
61.8502,4.64232e-19
69.1245,3.71685e-19
67.7736,3.86647e-19
64.95,4.20987e-19
65.3018,4.16464e-19
70.3622,3.58727e-19
65.702,4.11408e-19
70.3943,3.58399e-19
66.658,3.99694e-19
66.8115,3.97861e-19
68.1972,3.81859e-19
64.4016,4.28185e-19
71.5948,3.46483e-19
71.8663,3.43871e-19
62.1211,4.60193e-19
60.1587,4.90697e-19
62.7774,4.50623e-19
66.7066,3.99112e-19
67.3134,3.9195e-19
73.726,3.26745e-19
85.1487,2.44971e-19
59.994,4.93395e-19
62.1804,4.59315e-19
63.9098,4.34799e-19
62.2658,4.58057e-19
61.9825,4.62252e-19
57.3,5.40864e-19
62.6228,4.5285e-19
64.0149,4.33374e-19
58.6407,5.16423e-19
57.6593,5.34148e-19
64.5441,4.26298e-19
78.0611,2.91467e-19
63.204,4.44562e-19
67.5923,3.88723e-19
60.5074,4.85059e-19
57.9358,5.29063e-19
58.5135,5.18669e-19
65.0613,4.19549e-19
59.5276,5.01154e-19
70.0066,3.62379e-19
65.6892,4.11568e-19
66.5121,4.01449e-19
63.4882,4.40591e-19
81.6123,2.66658e-19
62.7248,4.51379e-19
66.0798,4.06718e-19
63.9151,4.34728e-19
65.314,4.16309e-19
64.4985,4.269e-19
83.2165,2.56477e-19
92.2632,2.08652e-19
80.2908,2.75506e-19
70.433,3.58006e-19
59.5682,5.0047e-19
68.1021,3.82926e-19
59.8286,4.96125e-19
72.007,3.42529e-19
85.2695,2.44277e-19
76.4859,3.03594e-19
58.3862,5.20934e-19
68.187,1.90987e-19
70.5873,1.78221e-19
68.9354,1.86863e-19
62.9241,2.24263e-19
70.1883,1.80253e-19
68.3548,1.9005e-19
65.2985,2.08253e-19
66.2953,2.0204e-19
70.8084,1.7711e-19
66.391,2.01458e-19
71.1713,1.75309e-19
68.3233,1.90226e-19
68.8953,1.87081e-19
69.9236,1.8162e-19
65.8231,2.04948e-19
73.2808,1.65363e-19
73.9625,1.62329e-19
63.1535,2.22637e-19
61.7364,2.32972e-19
62.7969,2.25172e-19
69.231,1.85271e-19
68.3728,1.8995e-19
74.8193,1.58634e-19
87.1479,1.16931e-19
62.2441,2.29188e-19
64.6468,2.12472e-19
64.9197,2.1069e-19
64.9874,2.10251e-19
63.9919,2.16843e-19
59.9524,2.4704e-19
62.8003,2.25147e-19
64.1969,2.1546e-19
58.8312,2.56543e-19
57.9618,2.64294e-19
65.7186,2.056e-19
78.266,1.44972e-19
63.3067,2.21561e-19
68.2839,1.90445e-19
61.8423,2.32175e-19
59.7484,2.48729e-19
60.5044,2.42554e-19
66.5696,2.00378e-19
60.1589,2.45347e-19
72.2744,1.69999e-19
68.1472,1.9121e-19
68.6693,1.88314e-19
64.2879,2.14851e-19
83.8389,1.26342e-19
64.3439,2.14477e-19
67.1131,1.97146e-19
64.8133,2.11382e-19
65.5906,2.06403e-19
65.6321,2.06142e-19
85.4325,1.21673e-19
94.2197,1.00039e-19
80.3326,1.3761e-19
71.9771,1.71407e-19
60.7445,2.40641e-19
69.172,1.85587e-19
60.8223,2.40026e-19
73.7835,1.63118e-19
87.176,1.16856e-19
78.3521,1.44653e-19
60.681,2.41144e-19
69.4397,9.20799e-20
71.556,8.67147e-20
69.311,9.2422e-20
64.9384,1.05284e-19
70.8458,8.84618e-20
69.8906,9.08957e-20
67.8872,9.63385e-20
67.0106,9.88749e-20
72.2653,8.50214e-20
68.1995,9.54585e-20
73.0741,8.31499e-20
70.6307,8.90012e-20
69.5513,9.17847e-20
72.313,8.49092e-20
66.0701,1.01709e-19
73.7729,8.15824e-20
75.3384,7.82277e-20
64.4228,1.06976e-19
61.8514,1.16053e-19
65.2633,1.04239e-19
69.6066,9.16389e-20
69.7576,9.12427e-20
75.9909,7.68903e-20
89.2085,5.5796e-20
62.8054,1.12555e-19
64.8825,1.05466e-19
66.3182,1.0095e-19
65.3463,1.03974e-19
64.7014,1.06057e-19
60.3408,1.21935e-19
65.4006,1.03802e-19
66.2054,1.01294e-19
61.6379,1.16859e-19
60.2213,1.2242e-19
67.3055,9.80107e-20
80.0164,6.93497e-20
64.4733,1.06809e-19
69.8232,9.10714e-20
62.308,1.14359e-19
60.3966,1.2171e-19
60.7287,1.20383e-19
68.738,9.39689e-20
62.4598,1.13804e-19
72.5533,8.43478e-20
68.4809,9.46758e-20
69.4319,9.21004e-20
66.6761,9.98693e-20
86.0227,6.00047e-20
65.1677,1.04545e-19
68.9691,9.33405e-20
67.2995,9.80282e-20
67.9138,9.62632e-20
65.6645,1.02969e-19
85.6118,6.0582e-20
96.1805,4.80008e-20
81.1849,6.73681e-20
73.8324,8.1451e-20
63.7201,1.09348e-19
70.9784,8.81317e-20
62.3426,1.14232e-19
75.9382,7.69971e-20
89.1296,5.58948e-20
80.4325,6.86341e-20
61.3626,1.17909e-19
71.4157,4.35279e-20
73.9638,4.0581e-20
71.0884,4.39296e-20
65.5307,5.16952e-20
72.2003,4.25872e-20
72.192,4.25969e-20
68.5332,4.72657e-20
68.9155,4.67429e-20
74.3599,4.01498e-20
70.7223,4.43855e-20
74.121,4.0409e-20
71.2634,4.37141e-20
71.7373,4.31386e-20
73.7832,4.07799e-20
67.6596,4.84938e-20
75.1897,3.92687e-20
76.3578,3.80767e-20
66.4823,5.02261e-20
62.8387,5.62181e-20
65.9737,5.10033e-20
72.2553,4.25224e-20
72.4829,4.22558e-20
78.1944,3.63093e-20
91.3253,2.66199e-20
64.8718,5.27504e-20
66.8587,4.96624e-20
67.8243,4.82587e-20
65.4846,5.17679e-20
64.9455,5.26307e-20
60.966,5.97239e-20
65.9518,5.10373e-20
66.8502,4.9675e-20
61.9262,5.78865e-20
61.212,5.92449e-20
68.5835,4.71964e-20
81.855,3.31349e-20
65.6374,5.15272e-20
71.5635,4.33483e-20
65.0855,5.24046e-20
63.0286,5.58798e-20
61.8703,5.79912e-20
70.11,4.5164e-20
63.5039,5.50468e-20
74.2335,4.02867e-20
69.3581,4.61483e-20
70.917,4.41421e-20
67.5846,4.86015e-20
86.1169,2.99368e-20
67.6602,4.84929e-20
70.2003,4.50478e-20
67.5996,4.858e-20
68.4636,4.73618e-20
67.6502,4.85073e-20
87.3358,2.91071e-20
98.1462,2.30488e-20
82.2616,3.28081e-20
76.0717,3.83635e-20
63.732,5.46535e-20
73.3304,4.1285e-20
62.9328,5.60502e-20
78.0731,3.64222e-20
91.1373,2.67298e-20
82.7175,3.24476e-20
62.1734,5.74273e-20
73.9679,2.02882e-20
74.2574,2.01304e-20
72.5147,2.11094e-20
68.4241,2.37082e-20
74.518,1.99899e-20
72.9984,2.08306e-20
68.7352,2.34942e-20
71.5723,2.16688e-20
75.6331,1.94049e-20
71.4792,2.17253e-20
75.777,1.93312e-20
72.76,2.09673e-20
72.308,2.12302e-20
74.0202,2.02596e-20
70.1457,2.2559e-20
77.1545,1.86473e-20
78.708,1.79185e-20
67.1675,2.46034e-20
65.318,2.60162e-20
67.4195,2.44199e-20
72.5246,2.11036e-20
72.5749,2.10744e-20
79.2935,1.76549e-20
93.488,1.27013e-20
65.9373,2.55298e-20
68.9928,2.33191e-20
68.8995,2.33823e-20
67.3617,2.44618e-20
67.4467,2.44002e-20
62.5266,2.83903e-20
67.1158,2.46413e-20
68.4631,2.36812e-20
62.4976,2.84166e-20
61.3447,2.94945e-20
70.1803,2.25368e-20
83.8342,1.57945e-20
67.6129,2.42804e-20
72.0653,2.13734e-20
65.139,2.61593e-20
63.5144,2.75142e-20
63.0682,2.79049e-20
71.1757,2.19109e-20
63.6344,2.74106e-20
76.3843,1.90251e-20
70.3172,2.24491e-20
72.8973,2.08884e-20
69.2389,2.31537e-20
87.5117,1.44951e-20
67.9031,2.40734e-20
70.6545,2.22353e-20
70.2742,2.24766e-20
70.6261,2.22532e-20
68.5957,2.35898e-20
89.2205,1.39453e-20
100.117,1.10752e-20
84.0355,1.57189e-20
77.1038,1.86718e-20
63.9323,2.71559e-20
74.2423,2.01386e-20
64.7039,2.65122e-20
78.3538,1.80809e-20
93.2,1.27799e-20
83.0765,1.60839e-20
64.2695,2.68717e-20
74.4327,1.00179e-20
76.7476,9.42273e-21
73.5257,1.02665e-20
68.5031,1.18268e-20
74.6607,9.95678e-21
74.6514,9.95924e-21
70.2034,1.1261e-20
71.5829,1.08312e-20
76.5752,9.4652e-21
72.5234,1.05522e-20
77.0988,9.3371e-21
75.0868,9.84409e-21
74.5984,9.9734e-21
74.6804,9.95152e-21
71.2619,1.0929e-20
79.5924,8.76129e-21
79.3915,8.80568e-21
70.1235,1.12867e-20
65.6164,1.289e-20
67.972,1.20123e-20
74.6149,9.96898e-21
74.8409,9.90888e-21
80.4611,8.57316e-21
93.5346,6.34433e-21
66.5236,1.25409e-20
69.2833,1.1562e-20
71.0038,1.10086e-20
68.1771,1.19401e-20
67.5029,1.21798e-20
63.8579,1.36096e-20
68.0166,1.19966e-20
70.0595,1.13073e-20
64.6358,1.3284e-20
64.2996,1.34233e-20
71.5629,1.08373e-20
85.9778,7.50842e-21
68.3291,1.18871e-20
74.2005,1.00806e-20
67.9277,1.2028e-20
63.6651,1.36921e-20
65.3663,1.29889e-20
73.0366,1.04044e-20
65.1042,1.30936e-20
78.007,9.12098e-21
72.3296,1.06088e-20
73.4824,1.02786e-20
69.4448,1.15083e-20
88.0144,7.16501e-21
70.5369,1.11547e-20
71.7729,1.0774e-20
70.617,1.11295e-20
71.4756,1.08638e-20
69.8733,1.13676e-20
91.1908,6.67461e-21
102.094,5.32527e-21
85.9118,7.51997e-21
78.2644,9.06109e-21
66.1496,1.26831e-20
75.6131,9.70756e-21
66.9829,1.23696e-20
80.2154,8.62576e-21
94.1564,6.26082e-21
84.6535,7.74514e-21
64.3,1.34231e-20
75.4015,4.88106e-21
77.1072,4.66754e-21
76.216,4.77731e-21
70.6251,5.56346e-21
76.3092,4.76564e-21
74.7037,4.97265e-21
71.6616,5.40371e-21
73.0959,5.19377e-21
78.5221,4.50086e-21
73.0379,5.20202e-21
77.6194,4.60614e-21
76.8849,4.69455e-21
75.0828,4.92257e-21
76.4999,4.74192e-21
71.7701,5.3874e-21
79.6273,4.37681e-21
80.9118,4.23896e-21
70.2802,5.6182e-21
67.3858,6.11107e-21
69.1678,5.80031e-21
75.263,4.89904e-21
75.6576,4.84808e-21
82.6628,4.06131e-21
95.3485,3.05264e-21
67.4538,6.09876e-21
69.662,5.71833e-21
71.689,5.39959e-21
69.8723,5.68396e-21
69.8449,5.68842e-21
65.2384,6.5199e-21
69.0664,5.81735e-21
71.104,5.48879e-21
64.8828,6.59155e-21
64.7679,6.61496e-21
73.1535,5.1856e-21
88.2508,3.56334e-21
71.2773,5.46213e-21
74.7051,4.97246e-21
67.9628,6.00777e-21
66.3553,6.30232e-21
66.0135,6.36775e-21
73.4293,5.14672e-21
66.4227,6.28955e-21
78.7514,4.47469e-21
73.7971,5.09555e-21
75.8915,4.81824e-21
71.6958,5.39857e-21
89.8618,3.43673e-21
70.9366,5.51472e-21
73.0129,5.20559e-21
72.9236,5.21834e-21
73.454,5.14326e-21
72.4353,5.28891e-21
93.2598,3.19089e-21
104.076,2.56216e-21
87.9387,3.58867e-21
80.2838,4.30553e-21
66.7674,6.22479e-21
77.3551,4.63766e-21
67.0365,6.17491e-21
82.4369,4.0836e-21
95.2796,3.05705e-21
86.551,3.70466e-21
66.9726,6.18671e-21
76.1256,2.39433e-21
79.1139,2.21689e-21
76.2575,2.38606e-21
71.0639,2.74749e-21
78.5884,2.24664e-21
76.3343,2.38126e-21
72.6057,2.63207e-21
73.6657,2.55688e-21
81.0749,2.11097e-21
74.8152,2.47893e-21
78.4897,2.25229e-21
77.2422,2.32562e-21
77.4793,2.31141e-21
78.9063,2.22857e-21
72.5223,2.63812e-21
81.3531,2.09655e-21
83.5032,1.98999e-21
70.5702,2.78606e-21
68.2703,2.9769e-21
70.3058,2.80705e-21
75.4121,2.43984e-21
75.9864,2.40311e-21
83.7678,1.97745e-21
97.2323,1.46775e-21
70.0815,2.82505e-21
71.5894,2.70731e-21
74.4163,2.50557e-21
71.2391,2.734e-21
70.5843,2.78494e-21
65.6215,3.22201e-21
70.3425,2.80412e-21
73.8922,2.54123e-21
67.8591,3.01307e-21
64.7762,3.30663e-21
74.6297,2.49126e-21
88.4411,1.77401e-21
71.3417,2.72614e-21
76.2114,2.38894e-21
68.4155,2.96428e-21
66.6536,3.12302e-21
66.3316,3.15341e-21
75.6825,2.42244e-21
68.0632,2.99503e-21
80.2042,2.15704e-21
74.7352,2.48423e-21
76.3325,2.38137e-21
71.8284,2.68933e-21
91.8003,1.64657e-21
73.239,2.58675e-21
74.3632,2.50914e-21
73.2212,2.58801e-21
74.62,2.4919e-21
73.2525,2.5858e-21
95.4169,1.52413e-21
106.065,1.23349e-21
90.1226,1.70844e-21
82.6502,2.03128e-21
68.9517,2.91836e-21
77.7867,2.29318e-21
67.6414,3.0325e-21
84.9464,1.92296e-21
97.3529,1.46412e-21
88.6751,1.76466e-21
67.7194,3.02552e-21
77.8915,1.14351e-21
80.1328,1.08044e-21
78.3227,1.13095e-21
71.6553,1.35117e-21
79.8415,1.08834e-21
78.5486,1.12446e-21
75.368,1.22135e-21
75.6641,1.21181e-21
81.1046,1.05471e-21
77.3,1.16107e-21
80.0616,1.08236e-21
77.6037,1.152e-21
77.8763,1.14395e-21
79.0323,1.11074e-21
74.3758,1.25415e-21
83.5707,9.9339e-22
83.6356,9.9185e-22
72.3816,1.32419e-21
68.8572,1.46319e-21
72.5015,1.31982e-21
78.0857,1.13783e-21
77.1956,1.16421e-21
84.9314,9.6182e-22
99.1693,7.05491e-22
70.2269,1.40668e-21
72.8577,1.30695e-21
74.6328,1.24553e-21
72.7246,1.31173e-21
72.6006,1.31622e-21
67.7558,1.51113e-21
72.355,1.32517e-21
74.0573,1.26496e-21
68.0161,1.49959e-21
67.9768,1.50132e-21
75.8826,1.20484e-21
90.2155,8.52462e-22
72.3475,1.32544e-21
78.4405,1.12756e-21
70.1635,1.40922e-21
67.556,1.52008e-21
68.5202,1.47761e-21
75.8434,1.20609e-21
69.2094,1.44834e-21
80.8214,1.06211e-21
77.007,1.16992e-21
78.104,1.13729e-21
73.6202,1.28002e-21
93.8508,7.87707e-22
73.4156,1.28716e-21
75.7891,1.20782e-21
73.832,1.27269e-21
75.4852,1.21756e-21
73.9967,1.26703e-21
97.6381,7.2779e-22
108.061,5.94174e-22
91.6148,8.26622e-22
82.7574,1.01301e-21
69.2796,1.4454e-21
79.8916,1.08698e-21
70.1059,1.41154e-21
85.0543,9.59042e-22
99.4717,7.01208e-22
90.9946,8.37928e-22
67.8547,1.50673e-21
80.2412,5.38763e-22
81.5981,5.20997e-22
79.338,5.51098e-22
73.2887,6.45812e-22
80.9491,5.29383e-22
80.2283,5.38937e-22
75.374,6.10578e-22
77.3131,5.80339e-22
82.9471,5.04191e-22
78.14,5.68123e-22
81.1889,5.26261e-22
79.382,5.50487e-22
80.3799,5.36906e-22
80.7417,5.32106e-22
77.1263,5.83152e-22
85.1841,4.78061e-22
85.5373,4.74122e-22
73.1643,6.48008e-22
70.5131,6.97643e-22
73.0824,6.49461e-22
78.1347,5.682e-22
79.7656,5.45207e-22
87.1312,4.56936e-22
101.17,3.38931e-22
72.9466,6.51881e-22
74.0573,6.32477e-22
77.3623,5.796e-22
74.7171,6.21359e-22
72.9419,6.51966e-22
68.5134,7.38952e-22
73.1236,6.48729e-22
75.346,6.11031e-22
68.2254,7.45203e-22
68.2175,7.45375e-22
76.1587,5.98062e-22
92.2221,4.07886e-22
73.8523,6.35994e-22
79.8139,5.44547e-22
71.286,6.82599e-22
69.1168,7.2611e-22
69.062,7.27261e-22
77.5396,5.76954e-22
69.9023,7.09886e-22
82.5745,5.0875e-22
78.9214,5.5693e-22
79.7054,5.4603e-22
75.6408,6.06278e-22
96.0096,3.76343e-22
74.1656,6.30633e-22
77.0124,5.84879e-22
75.285,6.12022e-22
76.269,5.96333e-22
74.7788,6.20334e-22
98.633,3.56591e-22
110.064,2.86376e-22
92.2955,4.07238e-22
84.8766,4.81531e-22
70.3612,7.00657e-22
80.5788,5.34259e-22
70.5368,6.97175e-22
85.3443,4.76268e-22
99.7326,3.48772e-22
91.7733,4.11885e-22
69.476,7.18623e-22
82.2988,2.56082e-22
83.3619,2.49593e-22
80.7318,2.66118e-22
74.5843,3.11787e-22
83.1512,2.50859e-22
81.0387,2.64107e-22
77.6662,2.87537e-22
78.1217,2.84195e-22
85.4157,2.37736e-22
79.3602,2.75395e-22
83.0403,2.5153e-22
81.8071,2.59169e-22
80.6881,2.66406e-22
83.1039,2.51145e-22
77.4781,2.88935e-22
85.9399,2.34845e-22
87.5458,2.2631e-22
74.713,3.10713e-22
72.6447,3.28655e-22
76.0431,2.99941e-22
80.8347,2.65441e-22
79.7904,2.72434e-22
88.242,2.22753e-22
103.238,1.62745e-22
73.0004,3.2546e-22
76.8143,2.9395e-22
77.4641,2.89039e-22
75.0082,3.08273e-22
74.0473,3.16325e-22
69.1548,3.62656e-22
76.2217,2.98537e-22
76.5235,2.96187e-22
70.8202,3.45804e-22
68.2429,3.72411e-22
77.4741,2.88965e-22
94.3666,1.9478e-22
74.3108,3.14085e-22
80.9277,2.64831e-22
72.9461,3.25945e-22
69.7471,3.56524e-22
70.9217,3.44815e-22
80.0004,2.71006e-22
70.8535,3.45479e-22
84.7294,2.41602e-22
78.9746,2.7809e-22
80.6751,2.66492e-22
76.3252,2.97728e-22
96.7296,1.85381e-22
75.5659,3.0374e-22
78.6441,2.80432e-22
76.785,2.94174e-22
77.5236,2.88596e-22
77.0591,2.92085e-22
99.7407,1.74358e-22
112.073,1.381e-22
94.1446,1.957e-22
84.8867,2.40708e-22
71.3691,3.40506e-22
81.9,2.58582e-22
72.51,3.29877e-22
86.7698,2.30375e-22
101.375,1.68783e-22
93.1051,2.00094e-22
70.6806,3.47171e-22
82.7882,1.26532e-22
84.2181,1.22272e-22
83.076,1.25657e-22
75.8818,1.50609e-22
83.627,1.24007e-22
82.6434,1.26976e-22
78.6013,1.40369e-22
79.9632,1.35629e-22
86.0484,1.17127e-22
79.6858,1.36575e-22
83.9114,1.23168e-22
81.9339,1.29184e-22
83.299,1.24985e-22
84.2512,1.22176e-22
77.8975,1.42916e-22
87.9118,1.12215e-22
88.0681,1.11817e-22
76.4859,1.48239e-22
73.4894,1.60572e-22
76.2391,1.492e-22
80.8844,1.32558e-22
81.7878,1.29646e-22
89.4016,1.08506e-22
105.366,7.81197e-23
73.5698,1.60221e-22
77.0013,1.46262e-22
77.6795,1.43719e-22
75.6438,1.51558e-22
75.0203,1.54087e-22
71.3306,1.70437e-22
76.2363,1.49211e-22
77.0876,1.45934e-22
71.1371,1.71365e-22
71.0117,1.7197e-22
78.768,1.39775e-22
94.6198,9.68696e-23
76.1243,1.49651e-22
81.3114,1.31169e-22
74.793,1.55025e-22
72.0448,1.67075e-22
72.1297,1.66682e-22
81.468,1.30665e-22
72.9296,1.63047e-22
87.2562,1.13907e-22
79.5655,1.36988e-22
83.3922,1.24706e-22
78.7789,1.39737e-22
98.0044,9.02951e-23
77.1414,1.45731e-22
79.7398,1.3639e-22
77.787,1.43322e-22
78.7947,1.39681e-22
77.447,1.44583e-22
101.663,8.39137e-23
114.089,6.6632e-23
96.1314,9.38475e-23
86.5571,1.15754e-22
74.1706,1.57637e-22
83.9256,1.23126e-22
72.8057,1.63602e-22
88.7008,1.10228e-22
103.234,8.13795e-23
95.0656,9.59634e-23
72.4685,1.65127e-22
82.8641,6.31501e-23
86.7904,5.75665e-23
83.4733,6.22319e-23
78.1508,7.09957e-23
85.5526,5.9244e-23
83.1601,6.27014e-23
80.3099,6.72303e-23
80.3493,6.71643e-23
87.6015,5.65055e-23
81.4337,6.53878e-23
86.0464,5.85661e-23
83.6792,6.1926e-23
83.5171,6.21665e-23
85.4686,5.93605e-23
79.1122,6.92809e-23
90.3407,5.31313e-23
90.2324,5.32589e-23
77.5103,7.21736e-23
73.6199,8.00018e-23
76.4051,7.42764e-23
83.5086,6.21793e-23
82.9079,6.30834e-23
91.5996,5.1681e-23
107.541,3.74962e-23
75.0722,7.6937e-23
77.3562,7.24615e-23
79.7787,6.81285e-23
77.68,7.18587e-23
77.4571,7.22729e-23
71.6368,8.44916e-23
76.329,7.44246e-23
78.7098,6.9991e-23
72.2187,8.31356e-23
71.4586,8.49135e-23
80.1671,6.747e-23
96.3742,4.66876e-23
77.235,7.2689e-23
82.7476,6.3328e-23
74.9577,7.71722e-23
72.7759,8.18679e-23
72.2151,8.31441e-23
81.6506,6.50408e-23
73.8244,7.95592e-23
87.8236,5.62201e-23
81.4133,6.54205e-23
83.5337,6.21419e-23
78.8557,6.97324e-23
99.8221,4.35184e-23
78.1118,7.10666e-23
81.5943,6.51306e-23
80.1258,6.75394e-23
80.3524,6.71591e-23
79.1455,6.92227e-23
103.657,4.03582e-23
116.111,3.21658e-23
98.2755,4.48988e-23
88.5364,5.53186e-23
74.4176,7.82961e-23
86.4739,5.79885e-23
74.1357,7.88927e-23
90.9815,5.23856e-23
105.135,3.92318e-23
97.2108,4.58876e-23
72.9723,8.14277e-23
84.4824,3.03771e-23
86.9553,2.86742e-23
85.8771,2.93986e-23
78.8693,3.48541e-23
85.6659,2.95437e-23
85.2839,2.98089e-23
80.8514,3.31665e-23
82.4404,3.19004e-23
89.3274,2.71717e-23
83.8793,3.08155e-23
86.6563,2.88724e-23
86.1446,2.92163e-23
86.2349,2.91552e-23
86.9247,2.86943e-23
81.2502,3.28417e-23
91.1843,2.60764e-23
91.4443,2.59284e-23
80.1241,3.37712e-23
76.0778,3.74584e-23
78.2877,3.53738e-23
83.6582,3.09786e-23
84.1372,3.06269e-23
92.7163,2.52219e-23
107.592,1.87304e-23
76.8521,3.67076e-23
78.7796,3.49335e-23
80.3991,3.35406e-23
78.2028,3.54507e-23
77.7519,3.5863e-23
73.3122,4.03373e-23
78.3858,3.52854e-23
80.1558,3.37445e-23
73.942,3.96532e-23
71.7559,4.21057e-23
81.4492,3.26815e-23
98.4293,2.23793e-23
78.757,3.49536e-23
84.8024,3.01483e-23
75.7946,3.77389e-23
73.2563,4.03989e-23
74.9679,3.85755e-23
82.398,3.19333e-23
74.9802,3.85629e-23
88.3561,2.77723e-23
83.3117,3.12368e-23
85.6263,2.95711e-23
79.7226,3.41122e-23
101.741,2.09462e-23
80.597,3.33761e-23
82.553,3.18134e-23
80.5521,3.34133e-23
81.4199,3.2705e-23
81.9946,3.22482e-23
105.727,1.93969e-23
118.139,1.55355e-23
100.544,2.14479e-23
90.9175,2.62297e-23
75.0028,3.85397e-23
87.2584,2.84753e-23
75.1429,3.83961e-23
91.2933,2.60142e-23
107.09,1.89061e-23
97.6501,2.27379e-23
74.2299,3.93462e-23
86.5857,1.44597e-23
89.3634,1.35749e-23
86.515,1.44834e-23
79.5551,1.7128e-23
87.2851,1.4229e-23
85.9294,1.46814e-23
82.2139,1.60382e-23
83.2734,1.56327e-23
89.8706,1.34221e-23
84.8051,1.50732e-23
89.0779,1.36621e-23
87.0805,1.42959e-23
86.3619,1.45348e-23
87.6322,1.41165e-23
82.8374,1.57977e-23
92.0786,1.27862e-23
92.5838,1.26471e-23
80.3974,1.6771e-23
76.2782,1.86309e-23
79.0571,1.73444e-23
86.205,1.45877e-23
86.8774,1.43628e-23
93.8719,1.23024e-23
109.398,9.05853e-24
77.869,1.78776e-23
81.4777,1.63293e-23
82.2044,1.60419e-23
80.9281,1.65518e-23
80.4478,1.675e-23
74.1342,1.97239e-23
78.9963,1.73711e-23
81.2385,1.64256e-23
74.2058,1.96859e-23
74.0946,1.9745e-23
82.9522,1.5754e-23
100.143,1.08099e-23
80.7477,1.66258e-23
87.4515,1.41749e-23
78.0255,1.7806e-23
74.6699,1.9442e-23
75.2991,1.91185e-23
84.1957,1.52922e-23
76.3631,1.85895e-23
89.3195,1.35882e-23
83.8468,1.54197e-23
86.8475,1.43727e-23
80.9182,1.65558e-23
103.796,1.00626e-23
80.9702,1.65346e-23
84.6346,1.5134e-23
83.3109,1.56187e-23
83.3242,1.56137e-23
82.1935,1.60462e-23
105.727,9.69833e-24
120.172,7.50714e-24
102.823,1.0254e-23
91.6823,1.2897e-23
76.826,1.83662e-23
87.6065,1.41248e-23
78.2648,1.76973e-23
92.8582,1.25724e-23
109.109,9.10652e-24
99.3884,1.09748e-23
75.0997,1.92202e-23
89.2339,6.80715e-24
89.8354,6.71632e-24
88.2704,6.95655e-24
81.6375,8.13271e-24
89.488,6.76856e-24
87.3075,7.11083e-24
82.8589,7.89476e-24
84.6769,7.55945e-24
91.2932,6.50356e-24
86.2105,7.29291e-24
89.4218,6.77859e-24
88.5192,6.91751e-24
89.1855,6.81454e-24
89.9737,6.69569e-24
83.8487,7.70949e-24
92.5307,6.33078e-24
94.9863,6.00773e-24
80.5311,8.3577e-24
78.7303,8.74432e-24
80.6759,8.32772e-24
86.4565,7.25149e-24
86.9022,7.17731e-24
96.0681,5.8732e-24
111.276,4.37769e-24
79.4438,8.588e-24
81.4813,8.16393e-24
83.2992,7.81154e-24
81.0477,8.2515e-24
81.0088,8.25942e-24
75.1831,9.58877e-24
80.7781,8.30666e-24
83.8669,7.70614e-24
77.1912,9.09644e-24
74.7182,9.70845e-24
84.2326,7.6394e-24
100.546,5.36176e-24
81.7511,8.11014e-24
87.8859,7.01755e-24
78.4769,8.80089e-24
76.4802,9.26633e-24
75.9939,9.3853e-24
86.7347,7.20505e-24
76.7535,9.20048e-24
91.0821,6.53374e-24
85.9111,7.34383e-24
88.1711,6.97224e-24
83.4356,7.78602e-24
105.979,4.82615e-24
83.7934,7.71967e-24
85.441,7.42486e-24
83.537,7.76712e-24
84.1718,7.65043e-24
82.5521,7.95353e-24
107.736,4.67008e-24
122.21,3.62941e-24
102.88,5.12125e-24
93.1156,6.25151e-24
77.4,9.04743e-24
88.5984,6.90515e-24
78.4342,8.81046e-24
94.8346,6.02695e-24
111.191,4.38435e-24
100.576,5.35852e-24
77.918,8.92756e-24
